reward_design,reward_goal,scenario,run_number,seed,initial_level,final_level,change,steps,outcome,defender_tendency,bully_support_tendency,silent_tendency,defender_action_share,bully_support_action_share,silent_action_share
role_based,Agents learn according to their role. Instigators are rewarded when escalation succeeds.,low_risk_defended,1,901,38.0,23.53087320229419,-14.469126797705808,18,Stayed unresolved,0.968624999999999,0.05197500000000004,-0.06851249999999999,0.5867768595041323,0.19834710743801653,0.10743801652892562
role_based,Agents learn according to their role. Instigators are rewarded when escalation succeeds.,low_risk_defended,2,902,38.0,17.500394915856255,-20.499605084143745,16,Calmed down,2.2242937499999975,-0.008741249999999956,-0.078789375,0.6517857142857143,0.1875,0.09821428571428571
role_based,Agents learn according to their role. Instigators are rewarded when escalation succeeds.,low_risk_defended,3,903,38.0,19.012693727062047,-18.987306272937953,8,Calmed down,3.408437812499996,-0.10455243749999994,-0.11423278124999998,0.6935483870967742,0.08064516129032258,0.0967741935483871
role_based,Agents learn according to their role. Instigators are rewarded when escalation succeeds.,low_risk_defended,4,904,38.0,18.608218439293594,-19.391781560706406,7,Calmed down,4.637903484374993,-0.21473530312499992,-0.1360926984375,0.7959183673469388,0.10204081632653061,0.061224489795918366
role_based,Agents learn according to their role. Instigators are rewarded when escalation succeeds.,low_risk_defended,5,905,38.0,19.065962821480564,-18.934037178519436,7,Calmed down,5.997451507031242,-0.2800205985937499,-0.199031603203125,0.7241379310344828,0.08620689655172414,0.10344827586206896
role_based,Agents learn according to their role. Instigators are rewarded when escalation succeeds.,low_risk_defended,6,906,38.0,19.83376920390388,-18.16623079609612,10,Calmed down,7.584556733085925,-0.35037368838281235,-0.2714113436835937,0.7068965517241379,0.10344827586206896,0.10344827586206896
role_based,Agents learn according to their role. Instigators are rewarded when escalation succeeds.,low_risk_defended,7,907,38.0,19.440698264264388,-18.559301735735612,8,Calmed down,9.506590243048816,-0.4360047416402342,-0.3262980452361328,0.86,0.08,0.04
role_based,Agents learn according to their role. Instigators are rewarded when escalation succeeds.,low_risk_defended,8,908,38.0,19.411983385728977,-18.588016614271023,6,Calmed down,11.627153779506147,-0.5203054528862694,-0.40123025202155266,0.8372093023255814,0.023255813953488372,0.11627906976744186
role_based,Agents learn according to their role. Instigators are rewarded when escalation succeeds.,low_risk_defended,9,909,38.0,18.004184031341804,-19.995815968658196,6,Calmed down,14.028001846432076,-0.5983512708192097,-0.4755897898247856,0.8780487804878049,0.024390243902439025,0.04878048780487805
role_based,Agents learn according to their role. Instigators are rewarded when escalation succeeds.,low_risk_defended,10,910,38.0,17.36948100162688,-20.63051899837312,8,Calmed down,16.758264623396894,-0.7022789614420912,-0.5611032582985035,0.8076923076923077,0.057692307692307696,0.057692307692307696
role_based,Agents learn according to their role. Instigators are rewarded when escalation succeeds.,low_risk_defended,11,911,38.0,14.800132332677833,-23.199867667322167,8,Calmed down,20.285516816906426,-0.8548708056584048,-0.6665312470432789,0.7966101694915254,0.0847457627118644,0.06779661016949153
role_based,Agents learn according to their role. Instigators are rewarded when escalation succeeds.,low_risk_defended,12,912,38.0,19.690529578975898,-18.309470421024102,8,Calmed down,24.11741933944238,-1.0350764265071657,-0.7877734340997709,0.7735849056603774,0.09433962264150944,0.05660377358490566
role_based,Agents learn according to their role. Instigators are rewarded when escalation succeeds.,low_risk_defended,13,913,38.0,18.81247871066546,-19.18752128933454,12,Calmed down,28.59025724035873,-1.2848378904832407,-0.9342894492147364,0.7627118644067796,0.0847457627118644,0.06779661016949153
role_based,Agents learn according to their role. Instigators are rewarded when escalation succeeds.,low_risk_defended,14,914,38.0,19.65649005983961,-18.34350994016039,9,Calmed down,33.44815832641253,-1.4775635740557267,-1.109870366596947,0.8113207547169812,0.0,0.09433962264150944
role_based,Agents learn according to their role. Instigators are rewarded when escalation succeeds.,low_risk_defended,15,915,38.0,18.60951670836993,-19.39048329163007,7,Calmed down,39.12451957537441,-1.6944731101640857,-1.297613421586489,0.7857142857142857,0.023809523809523808,0.07142857142857142
role_based,Agents learn according to their role. Instigators are rewarded when escalation succeeds.,low_risk_defended,16,916,38.0,17.250668405297716,-20.749331594702284,6,Calmed down,45.7350225116806,-1.9675440766886985,-1.5064304348244622,0.9,0.025,0.05
role_based,Agents learn according to their role. Instigators are rewarded when escalation succeeds.,low_risk_defended,17,917,38.0,15.611853575559,-22.388146424441,6,Calmed down,53.31111338843271,-2.281575688192003,-1.7394825000481318,0.925,0.025,0.025
role_based,Agents learn according to their role. Instigators are rewarded when escalation succeeds.,low_risk_defended,18,918,38.0,19.930836180792294,-18.069163819207706,7,Calmed down,62.06850539669763,-2.6427120414208036,-2.0216673750553515,0.8913043478260869,0.021739130434782608,0.06521739130434782
role_based,Agents learn according to their role. Instigators are rewarded when escalation succeeds.,low_risk_defended,19,919,38.0,19.25410292811363,-18.74589707188637,8,Calmed down,72.0780812062023,-3.0958188476339243,-2.3532674813136545,0.7142857142857143,0.061224489795918366,0.08163265306122448
role_based,Agents learn according to their role. Instigators are rewarded when escalation succeeds.,low_risk_defended,20,920,38.0,17.34858170413887,-20.65141829586113,9,Calmed down,83.65524338713259,-3.5554666747790127,-2.734607603510703,0.8070175438596491,0.03508771929824561,0.07017543859649122
role_based,Agents learn according to their role. Instigators are rewarded when escalation succeeds.,low_risk_defended,21,921,38.0,16.50668071687444,-21.49331928312556,8,Calmed down,96.73036739520245,-4.060436675995865,-3.1447987440373084,0.8571428571428571,0.08163265306122448,0.0
role_based,Agents learn according to their role. Instigators are rewarded when escalation succeeds.,low_risk_defended,22,922,38.0,17.67367583919374,-20.32632416080626,10,Calmed down,112.03844750448278,-4.707302177395245,-3.6897560556429045,0.7321428571428571,0.03571428571428571,0.21428571428571427
role_based,Agents learn according to their role. Instigators are rewarded when escalation succeeds.,low_risk_defended,23,923,38.0,19.32037990480321,-18.67962009519679,10,Calmed down,129.80338963015512,-5.5645975040045315,-4.25739446398934,0.7627118644067796,0.13559322033898305,0.03389830508474576
role_based,Agents learn according to their role. Instigators are rewarded when escalation succeeds.,low_risk_defended,24,924,38.0,19.072534874321867,-18.927465125678133,9,Calmed down,150.00154807467837,-6.437087129605212,-4.9172661335877415,0.78,0.04,0.06
role_based,Agents learn according to their role. Instigators are rewarded when escalation succeeds.,low_risk_defended,25,925,38.0,17.014420906815538,-20.985579093184462,6,Calmed down,173.2223427858801,-7.478250199045994,-5.6548560536259025,0.82,0.08,0.0
role_based,Agents learn according to their role. Instigators are rewarded when escalation succeeds.,low_risk_defended,26,926,38.0,19.1145043894161,-18.8854956105839,7,Calmed down,199.90735670376205,-8.656687728902895,-6.517259461669788,0.8043478260869565,0.06521739130434782,0.043478260869565216
role_based,Agents learn according to their role. Instigators are rewarded when escalation succeeds.,low_risk_defended,27,927,38.0,18.499584962887408,-19.500415037112592,7,Calmed down,230.6541852093263,-9.97409088823833,-7.523198380920256,0.8444444444444444,0.022222222222222223,0.08888888888888889
role_based,Agents learn according to their role. Instigators are rewarded when escalation succeeds.,low_risk_defended,28,928,38.0,18.078904665103945,-19.921095334896055,7,Calmed down,266.0248504907252,-11.470204521474077,-8.665853138058296,0.7647058823529411,0.0,0.058823529411764705
role_based,Agents learn according to their role. Instigators are rewarded when escalation succeeds.,low_risk_defended,29,929,38.0,18.17669746305134,-19.82330253694866,8,Calmed down,306.63260306433403,-13.22853519969519,-9.975181108767039,0.8043478260869565,0.043478260869565216,0.06521739130434782
role_based,Agents learn according to their role. Instigators are rewarded when escalation succeeds.,low_risk_defended,30,930,38.0,16.660034565419096,-21.339965434580904,6,Calmed down,353.34805602398404,-15.23171547964947,-11.478545775082095,0.8837209302325582,0.023255813953488372,0.023255813953488372
role_based,Agents learn according to their role. Instigators are rewarded when escalation succeeds.,low_risk_defended,31,931,38.0,19.585523365693444,-18.414476634306556,8,Calmed down,407.15587692758163,-17.554272801596888,-13.24285264134441,0.8297872340425532,0.0425531914893617,0.1276595744680851
role_based,Agents learn according to their role. Instigators are rewarded when escalation succeeds.,low_risk_defended,32,932,38.0,18.471135901569962,-19.528864098430038,8,Calmed down,469.02305846671885,-20.263013721836423,-15.264718037546071,0.7592592592592593,0.09259259259259259,0.09259259259259259
role_based,Agents learn according to their role. Instigators are rewarded when escalation succeeds.,low_risk_defended,33,933,38.0,19.599317641644788,-18.400682358355212,7,Calmed down,540.0616422367266,-23.359165780111883,-17.582775743177983,0.8043478260869565,0.06521739130434782,0.08695652173913043
role_based,Agents learn according to their role. Instigators are rewarded when escalation succeeds.,low_risk_defended,34,934,38.0,18.921602879977677,-19.078397120022323,8,Calmed down,621.8292510722356,-26.85359064712867,-20.24381710465468,0.7592592592592593,0.07407407407407407,0.09259259259259259
role_based,Agents learn according to their role. Instigators are rewarded when escalation succeeds.,low_risk_defended,35,935,38.0,17.779566005526817,-20.220433994473183,6,Calmed down,715.795851233071,-30.900529244197973,-23.301652170352888,0.8372093023255814,0.023255813953488372,0.06976744186046512
role_based,Agents learn according to their role. Instigators are rewarded when escalation succeeds.,low_risk_defended,36,936,38.0,19.95038853515276,-18.04961146484724,7,Calmed down,823.8361789180316,-35.55450863082767,-26.792174995905818,0.868421052631579,0.02631578947368421,0.02631578947368421
role_based,Agents learn according to their role. Instigators are rewarded when escalation succeeds.,low_risk_defended,37,937,38.0,19.810249736948208,-18.189750263051792,7,Calmed down,948.1179932557362,-40.925484925451826,-30.83226374529169,0.7906976744186046,0.046511627906976744,0.06976744186046512
role_based,Agents learn according to their role. Instigators are rewarded when escalation succeeds.,low_risk_defended,38,938,38.0,19.024701181656354,-18.975298818343646,7,Calmed down,1091.0444422440967,-47.1399076642696,-35.47127830708545,0.7692307692307693,0.07692307692307693,0.038461538461538464
role_based,Agents learn according to their role. Instigators are rewarded when escalation succeeds.,low_risk_defended,39,939,38.0,19.721443354819534,-18.278556645180466,6,Calmed down,1255.412221080711,-54.248693813910045,-40.806145053148256,0.8536585365853658,0.07317073170731707,0.04878048780487805
role_based,Agents learn according to their role. Instigators are rewarded when escalation succeeds.,low_risk_defended,40,940,38.0,18.15475335043539,-19.84524664956461,4,Calmed down,1444.3761042428187,-62.38599788599655,-46.934154311120494,0.8918918918918919,0.0,0.02702702702702703
victim_safety,All agents are rewarded when harm decreases and penalised when bullying increases.,low_risk_defended,1,1901,38.0,17.705400480555845,-20.294599519444155,13,Calmed down,1.600593749999999,-0.08504999999999999,0.28940625,0.6477272727272727,0.09090909090909091,0.2159090909090909
victim_safety,All agents are rewarded when harm decreases and penalised when bullying increases.,low_risk_defended,2,1902,38.0,18.208755415092636,-19.791244584907364,10,Calmed down,3.036107812499998,-0.11906999999999998,0.5655234375,0.6197183098591549,0.028169014084507043,0.23943661971830985
victim_safety,All agents are rewarded when harm decreases and penalised when bullying increases.,low_risk_defended,3,1903,38.0,19.0257734285301,-18.9742265714699,9,Calmed down,4.6857677343749975,-0.13693049999999998,0.9433019531249999,0.6833333333333333,0.0,0.26666666666666666
victim_safety,All agents are rewarded when harm decreases and penalised when bullying increases.,low_risk_defended,4,1904,38.0,18.97420227682435,-19.02579772317565,10,Calmed down,6.6124078945312466,-0.18227632500000002,1.21119099609375,0.6984126984126984,0.015873015873015872,0.23809523809523808
victim_safety,All agents are rewarded when harm decreases and penalised when bullying increases.,low_risk_defended,5,1905,38.0,16.97992006728151,-21.02007993271849,11,Calmed down,8.99341907871093,-0.20961777375,1.5062696455078124,0.7058823529411765,0.0,0.19117647058823528
victim_safety,All agents are rewarded when harm decreases and penalised when bullying increases.,low_risk_defended,6,1906,38.0,19.485886514005976,-18.514113485994024,5,Calmed down,11.334681940517571,-0.24106043981249997,1.793635092333984,0.8421052631578947,0.0,0.07894736842105263
victim_safety,All agents are rewarded when harm decreases and penalised when bullying increases.,low_risk_defended,7,1907,38.0,19.843022210800815,-18.156977789199185,8,Calmed down,14.177152981595206,-0.277219505784375,2.4312303561840816,0.6851851851851852,0.0,0.2962962962962963
victim_safety,All agents are rewarded when harm decreases and penalised when bullying increases.,low_risk_defended,8,1908,38.0,18.539053000556617,-19.460946999443383,7,Calmed down,17.408194678834484,-0.31880243165203126,2.8100899096116945,0.8043478260869565,0.0,0.17391304347826086
victim_safety,All agents are rewarded when harm decreases and penalised when bullying increases.,low_risk_defended,9,1909,38.0,18.806806593224444,-19.193193406775556,8,Calmed down,21.180592630659664,-0.3666227963998359,3.472578396053448,0.74,0.0,0.22
victim_safety,All agents are rewarded when harm decreases and penalised when bullying increases.,low_risk_defended,10,1910,38.0,17.731798422285387,-20.268201577714613,15,Calmed down,25.856687775258628,-0.4216162158598113,4.4399776554614645,0.6111111111111112,0.0,0.3
victim_safety,All agents are rewarded when harm decreases and penalised when bullying increases.,low_risk_defended,11,1911,38.0,17.54808364155723,-20.45191635844277,8,Calmed down,30.89635969154743,-0.484858648238783,5.356399303780686,0.7551020408163265,0.0,0.22448979591836735
victim_safety,All agents are rewarded when harm decreases and penalised when bullying increases.,low_risk_defended,12,1912,38.0,16.35220604761627,-21.64779395238373,6,Calmed down,36.67898864527956,-0.5575874454746004,6.325234199347787,0.8181818181818182,0.0,0.1590909090909091
victim_safety,All agents are rewarded when harm decreases and penalised when bullying increases.,low_risk_defended,13,1913,38.0,14.864099124720777,-23.135900875279223,7,Calmed down,43.55581194207152,-0.6412255622957905,7.429944329249954,0.8,0.0,0.12727272727272726
victim_safety,All agents are rewarded when harm decreases and penalised when bullying increases.,low_risk_defended,14,1914,38.0,19.892490559539183,-18.107509440460817,7,Calmed down,51.30114623338223,-0.7374093966401591,8.780685978637448,0.76,0.0,0.2
victim_safety,All agents are rewarded when harm decreases and penalised when bullying increases.,low_risk_defended,15,1915,38.0,15.193882128866699,-22.806117871133303,9,Calmed down,60.43508066838954,-0.848020806136183,10.419088875433065,0.7419354838709677,0.0,0.22580645161290322
victim_safety,All agents are rewarded when harm decreases and penalised when bullying increases.,low_risk_defended,16,1916,38.0,17.93896408748721,-20.06103591251279,7,Calmed down,70.62961776864796,-0.9752239270566105,12.118977206748024,0.782608695652174,0.0,0.15217391304347827
victim_safety,All agents are rewarded when harm decreases and penalised when bullying increases.,low_risk_defended,17,1917,38.0,17.208850393226584,-20.791149606773416,6,Calmed down,82.46791668394515,-1.121507516115102,14.00769878776023,0.8666666666666667,0.0,0.06666666666666667
victim_safety,All agents are rewarded when harm decreases and penalised when bullying increases.,low_risk_defended,18,1918,38.0,18.793768497540782,-19.206231502459218,7,Calmed down,96.0382541865369,-1.2897336435323674,16.260053605924266,0.8333333333333334,0.0,0.16666666666666666
victim_safety,All agents are rewarded when harm decreases and penalised when bullying increases.,low_risk_defended,19,1919,38.0,18.89108037924382,-19.10891962075618,7,Calmed down,111.6559548145175,-1.4831936900622227,18.793561646812904,0.8837209302325582,0.0,0.09302325581395349
victim_safety,All agents are rewarded when harm decreases and penalised when bullying increases.,low_risk_defended,20,1920,38.0,18.08025074202653,-19.91974925797347,7,Calmed down,129.61394803669518,-1.7056727435715562,21.68583339383484,0.7547169811320755,0.0,0.1509433962264151
victim_safety,All agents are rewarded when harm decreases and penalised when bullying increases.,low_risk_defended,21,1921,38.0,17.415922264335563,-20.584077735664437,8,Calmed down,150.33179024219953,-1.9615236551072897,25.19858340291007,0.7843137254901961,0.0,0.21568627450980393
victim_safety,All agents are rewarded when harm decreases and penalised when bullying increases.,low_risk_defended,22,1922,38.0,17.557617469906194,-20.442382530093806,6,Calmed down,174.0297337785295,-2.2557522033733832,29.120120913346586,0.8571428571428571,0.0,0.14285714285714285
victim_safety,All agents are rewarded when harm decreases and penalised when bullying increases.,low_risk_defended,23,1923,38.0,17.367894698319976,-20.632105301680024,7,Calmed down,201.47373134530898,-2.594115033879391,33.842514050348576,0.7368421052631579,0.0,0.2631578947368421
victim_safety,All agents are rewarded when harm decreases and penalised when bullying increases.,low_risk_defended,24,1924,38.0,18.28776571521429,-19.71223428478571,5,Calmed down,232.90675354710538,-2.9832322889612994,39.08426615790086,0.8260869565217391,0.0,0.15217391304347827
victim_safety,All agents are rewarded when harm decreases and penalised when bullying increases.,low_risk_defended,25,1925,38.0,16.825045944506073,-21.174954055493927,6,Calmed down,269.0547290791712,-3.430717132305494,45.08865608158599,0.8260869565217391,0.0,0.13043478260869565
victim_safety,All agents are rewarded when harm decreases and penalised when bullying increases.,low_risk_defended,26,1926,38.0,19.38232498641119,-18.61767501358881,6,Calmed down,310.564657191047,-3.9453247021513183,51.974804493823896,0.8604651162790697,0.0,0.13953488372093023
victim_safety,All agents are rewarded when harm decreases and penalised when bullying increases.,low_risk_defended,27,1927,38.0,18.60211260807509,-19.39788739192491,8,Calmed down,358.5089745197041,-4.5371234074740165,59.96711266789747,0.7627118644067796,0.0,0.2033898305084746
victim_safety,All agents are rewarded when harm decreases and penalised when bullying increases.,low_risk_defended,28,1928,38.0,17.722910562111633,-20.277089437888367,7,Calmed down,413.4653894476596,-5.2176919185951185,69.1275545680821,0.7872340425531915,0.0,0.14893617021276595
victim_safety,All agents are rewarded when harm decreases and penalised when bullying increases.,low_risk_defended,29,1929,38.0,18.449709011383227,-19.550290988616773,6,Calmed down,476.5376916148083,-6.000345706384387,79.54393775329441,0.9166666666666666,0.0,0.05555555555555555
victim_safety,All agents are rewarded when harm decreases and penalised when bullying increases.,low_risk_defended,30,1930,38.0,19.47484191621381,-18.52515808378619,10,Calmed down,549.2929141070293,-6.900397562342044,91.67043466628857,0.7377049180327869,0.0,0.2459016393442623
victim_safety,All agents are rewarded when harm decreases and penalised when bullying increases.,low_risk_defended,31,1931,38.0,19.240832070682,-18.759167929318,7,Calmed down,632.8350262230837,-7.935457196693351,105.51549986623188,0.8372093023255814,0.0,0.09302325581395349
victim_safety,All agents are rewarded when harm decreases and penalised when bullying increases.,low_risk_defended,32,1932,38.0,19.74224198911713,-18.25775801088287,7,Calmed down,728.943892656546,-9.125775776197354,121.67357484616667,0.6785714285714286,0.0,0.2857142857142857
victim_safety,All agents are rewarded when harm decreases and penalised when bullying increases.,low_risk_defended,33,1933,38.0,18.861796140486206,-19.138203859513794,9,Calmed down,839.6675390550281,-10.494642142626958,140.1419610730917,0.7666666666666667,0.0,0.2
victim_safety,All agents are rewarded when harm decreases and penalised when bullying increases.,low_risk_defended,34,1934,38.0,18.210580251095596,-19.789419748904404,8,Calmed down,966.7504886632827,-12.068838464021002,161.37115523405544,0.7551020408163265,0.0,0.20408163265306123
victim_safety,All agents are rewarded when harm decreases and penalised when bullying increases.,low_risk_defended,35,1935,38.0,16.088155229209494,-21.911844770790506,8,Calmed down,1113.1344932127754,-13.879164233624152,185.81307851916372,0.8113207547169812,0.0,0.18867924528301888
victim_safety,All agents are rewarded when harm decreases and penalised when bullying increases.,low_risk_defended,36,1936,38.0,17.440268721308716,-20.559731278691284,5,Calmed down,1281.2209484446919,-15.961038868667774,213.80316529703828,0.8536585365853658,0.0,0.12195121951219512
victim_safety,All agents are rewarded when harm decreases and penalised when bullying increases.,low_risk_defended,37,1937,38.0,19.41757295923219,-18.58242704076781,6,Calmed down,1474.488478211396,-18.355194698967942,245.99176509159403,0.85,0.0,0.125
victim_safety,All agents are rewarded when harm decreases and penalised when bullying increases.,low_risk_defended,38,1938,38.0,19.939427665488022,-18.060572334511978,7,Calmed down,1696.8772561931046,-21.108473903813135,283.1409548553331,0.7090909090909091,0.0,0.2
victim_safety,All agents are rewarded when harm decreases and penalised when bullying increases.,low_risk_defended,39,1939,38.0,19.497018704955856,-18.502981295044144,10,Calmed down,1952.7176696220695,-24.27474498938511,325.73140433363307,0.7857142857142857,0.0,0.19642857142857142
victim_safety,All agents are rewarded when harm decreases and penalised when bullying increases.,low_risk_defended,40,1940,38.0,19.855083597562256,-18.144916402437744,9,Calmed down,2246.892801315379,-27.915956737792875,374.87461498367804,0.7288135593220338,0.0,0.23728813559322035
mixed_ethical,"Agents keep role tendencies, but everyone is discouraged from severe escalation.",low_risk_defended,1,2901,38.0,18.75229251920685,-19.24770748079315,18,Calmed down,1.3976550000000003,-0.1308825,-0.005788125000000005,0.6019417475728155,0.1262135922330097,0.10679611650485436
mixed_ethical,"Agents keep role tendencies, but everyone is discouraged from severe escalation.",low_risk_defended,2,2902,38.0,19.69781996434732,-18.30218003565268,7,Calmed down,2.6579070000000007,-0.14271862500000004,0.03468740625,0.68,0.06,0.08
mixed_ethical,"Agents keep role tendencies, but everyone is discouraged from severe escalation.",low_risk_defended,3,2903,38.0,18.674876012847974,-19.325123987152026,8,Calmed down,4.155864300000001,-0.17263141875000002,0.1401786421875,0.6862745098039216,0.0196078431372549,0.11764705882352941
mixed_ethical,"Agents keep role tendencies, but everyone is discouraged from severe escalation.",low_risk_defended,4,2904,38.0,19.116369429958535,-18.883630570041465,10,Calmed down,6.092203320000001,-0.19876238156250006,0.338038563515625,0.5774647887323944,0.014084507042253521,0.16901408450704225
mixed_ethical,"Agents keep role tendencies, but everyone is discouraged from severe escalation.",low_risk_defended,5,2905,38.0,16.66771594485409,-21.33228405514591,12,Calmed down,8.292178818000002,-0.22857673879687507,0.41957497304296876,0.581081081081081,0.0,0.16216216216216217
mixed_ethical,"Agents keep role tendencies, but everyone is discouraged from severe escalation.",low_risk_defended,6,2906,38.0,17.864060945920905,-20.135939054079095,7,Calmed down,10.756709390700003,-0.2628632496164063,0.5929580939994141,0.7755102040816326,0.0,0.14285714285714285
mixed_ethical,"Agents keep role tendencies, but everyone is discouraged from severe escalation.",low_risk_defended,7,2907,38.0,16.75366212133843,-21.24633787866157,6,Calmed down,13.483307674305003,-0.3022927370588673,0.7304511830993262,0.782608695652174,0.0,0.06521739130434782
mixed_ethical,"Agents keep role tendencies, but everyone is discouraged from severe escalation.",low_risk_defended,8,2908,38.0,18.76852984848512,-19.23147015151488,8,Calmed down,16.563495075450753,-0.34763664761769736,0.8533669855642251,0.6428571428571429,0.0,0.017857142857142856
mixed_ethical,"Agents keep role tendencies, but everyone is discouraged from severe escalation.",low_risk_defended,9,2909,38.0,19.77029011685803,-18.22970988314197,8,Calmed down,20.282425586768362,-0.39978214476035195,1.048585158398859,0.7547169811320755,0.0,0.09433962264150944
mixed_ethical,"Agents keep role tendencies, but everyone is discouraged from severe escalation.",low_risk_defended,10,2910,38.0,16.797908285043928,-21.202091714956072,8,Calmed down,24.59038067478362,-0.4597494664744048,1.3123035571586879,0.7321428571428571,0.0,0.125
mixed_ethical,"Agents keep role tendencies, but everyone is discouraged from severe escalation.",low_risk_defended,11,2911,38.0,18.45641756967215,-19.54358243032785,8,Calmed down,29.503421526001173,-0.5287118864455655,1.5619509657324913,0.8333333333333334,0.0,0.0625
mixed_ethical,"Agents keep role tendencies, but everyone is discouraged from severe escalation.",low_risk_defended,12,2912,38.0,16.798722331424486,-21.201277668575514,8,Calmed down,35.24992662990135,-0.6080186694124003,1.8314448605923648,0.7321428571428571,0.0,0.03571428571428571
mixed_ethical,"Agents keep role tendencies, but everyone is discouraged from severe escalation.",low_risk_defended,13,2913,38.0,19.181445460168156,-18.818554539831844,8,Calmed down,41.56096874938654,-0.6992214698242604,2.0947034646812197,0.7142857142857143,0.0,0.08163265306122448
mixed_ethical,"Agents keep role tendencies, but everyone is discouraged from severe escalation.",low_risk_defended,14,2914,38.0,17.90861867706053,-20.09138132293947,5,Calmed down,48.84418218679449,-0.8041046902978995,2.4398577343834025,0.85,0.0,0.05
mixed_ethical,"Agents keep role tendencies, but everyone is discouraged from severe escalation.",low_risk_defended,15,2915,38.0,19.355464745206575,-18.644535254793425,8,Calmed down,57.274097014813634,-0.9247203938425844,2.8770657695409128,0.7872340425531915,0.0,0.10638297872340426
mixed_ethical,"Agents keep role tendencies, but everyone is discouraged from severe escalation.",low_risk_defended,16,2916,38.0,18.011770780987973,-19.988229219012027,7,Calmed down,67.09760969203565,-1.055159702918972,3.3790281349720503,0.7592592592592593,0.018518518518518517,0.07407407407407407
mixed_ethical,"Agents keep role tendencies, but everyone is discouraged from severe escalation.",low_risk_defended,17,2917,38.0,18.313328448940574,-19.686671551059426,6,Calmed down,78.23789739584096,-1.2134336583568177,3.8992304802178577,0.723404255319149,0.0,0.02127659574468085
mixed_ethical,"Agents keep role tendencies, but everyone is discouraged from severe escalation.",low_risk_defended,18,2918,38.0,16.445205802904866,-21.554794197095134,7,Calmed down,91.16758950521708,-1.3954487071103405,4.510811302250537,0.7551020408163265,0.0,0.04081632653061224
mixed_ethical,"Agents keep role tendencies, but everyone is discouraged from severe escalation.",low_risk_defended,19,2919,38.0,17.133817129601866,-20.866182870398134,5,Calmed down,105.9045535559996,-1.604766013176892,5.205033622588117,0.8717948717948718,0.0,0.02564102564102564
mixed_ethical,"Agents keep role tendencies, but everyone is discouraged from severe escalation.",low_risk_defended,20,2920,38.0,19.636256513155885,-18.363743486844115,8,Calmed down,122.8698990893995,-1.8454809151534255,6.048749290976335,0.7291666666666666,0.0,0.10416666666666667
mixed_ethical,"Agents keep role tendencies, but everyone is discouraged from severe escalation.",low_risk_defended,21,2921,38.0,19.617982529806138,-18.382017470193862,7,Calmed down,142.3568939528094,-2.1223030524264392,7.000358559622785,0.7727272727272727,0.0,0.06818181818181818
mixed_ethical,"Agents keep role tendencies, but everyone is discouraged from severe escalation.",low_risk_defended,22,2922,38.0,18.74679820257433,-19.25320179742567,6,Calmed down,164.7296105457308,-2.4406485102904054,8.081361093566203,0.7857142857142857,0.0,0.047619047619047616
mixed_ethical,"Agents keep role tendencies, but everyone is discouraged from severe escalation.",low_risk_defended,23,2923,38.0,17.670243132320138,-20.329756867679862,12,Calmed down,190.53761462759053,-2.8067457868339662,9.297581507601134,0.6724137931034483,0.0,0.10344827586206896
mixed_ethical,"Agents keep role tendencies, but everyone is discouraged from severe escalation.",low_risk_defended,24,2924,38.0,17.472380395897364,-20.527619604102636,7,Calmed down,220.23772744672922,-3.227757654859061,10.754116233741302,0.8372093023255814,0.0,0.09302325581395349
mixed_ethical,"Agents keep role tendencies, but everyone is discouraged from severe escalation.",low_risk_defended,25,2925,38.0,19.205592944711174,-18.794407055288826,9,Calmed down,254.4232153137387,-3.7119213030879203,12.4611430438025,0.7307692307692307,0.0,0.1346153846153846
mixed_ethical,"Agents keep role tendencies, but everyone is discouraged from severe escalation.",low_risk_defended,26,2926,38.0,19.875941687125643,-18.124058312874357,4,Calmed down,293.59619386079953,-4.268709498551108,14.347915125372873,0.7804878048780488,0.0,0.024390243902439025
mixed_ethical,"Agents keep role tendencies, but everyone is discouraged from severe escalation.",low_risk_defended,27,2927,38.0,17.856260326894244,-20.143739673105756,10,Calmed down,338.8925910649195,-4.909015923333775,16.507544269178805,0.7586206896551724,0.0,0.08620689655172414
mixed_ethical,"Agents keep role tendencies, but everyone is discouraged from severe escalation.",low_risk_defended,28,2928,38.0,17.038973555452216,-20.961026444547784,8,Calmed down,390.98356597465727,-5.645368311833842,19.045573409555626,0.7142857142857143,0.0,0.07142857142857142
mixed_ethical,"Agents keep role tendencies, but everyone is discouraged from severe escalation.",low_risk_defended,29,2929,38.0,17.998214008289203,-20.001785991710797,11,Calmed down,451.0069027458556,-6.4921735586089175,22.00352442098897,0.6567164179104478,0.0,0.1044776119402985
mixed_ethical,"Agents keep role tendencies, but everyone is discouraged from severe escalation.",low_risk_defended,30,2930,38.0,19.514842814006613,-18.485157185993387,10,Calmed down,519.9222300327339,-7.465999592400257,25.35472870913732,0.7241379310344828,0.0,0.08620689655172414
mixed_ethical,"Agents keep role tendencies, but everyone is discouraged from severe escalation.",low_risk_defended,31,2931,38.0,18.216516321635254,-19.783483678364746,6,Calmed down,598.9596326626437,-8.585899531260294,29.157938015507916,0.7555555555555555,0.0,0.0
mixed_ethical,"Agents keep role tendencies, but everyone is discouraged from severe escalation.",low_risk_defended,32,2932,38.0,19.144574387163846,-18.855425612836154,5,Calmed down,689.7564919370407,-9.873784460949338,33.5583249678341,0.7894736842105263,0.0,0.05263157894736842
mixed_ethical,"Agents keep role tendencies, but everyone is discouraged from severe escalation.",low_risk_defended,33,2933,38.0,17.451486823335365,-20.548513176664635,6,Calmed down,794.4224782275971,-11.35485213009174,38.62302246300922,0.7708333333333334,0.0,0.041666666666666664
mixed_ethical,"Agents keep role tendencies, but everyone is discouraged from severe escalation.",low_risk_defended,34,2934,38.0,18.811534646152932,-19.188465353847068,9,Calmed down,914.8181299617371,-13.058079949605501,44.5184177074606,0.7407407407407407,0.0,0.12962962962962962
mixed_ethical,"Agents keep role tendencies, but everyone is discouraged from severe escalation.",low_risk_defended,35,2935,38.0,19.046499349125753,-18.953500650874247,6,Calmed down,1052.9854950809981,-15.016791942046327,51.21815161357969,0.7857142857142857,0.0,0.07142857142857142
mixed_ethical,"Agents keep role tendencies, but everyone is discouraged from severe escalation.",low_risk_defended,36,2936,38.0,19.206150649642435,-18.793849350357565,8,Calmed down,1212.025148718148,-17.269310733353276,58.96702435561665,0.7551020408163265,0.0,0.08163265306122448
mixed_ethical,"Agents keep role tendencies, but everyone is discouraged from severe escalation.",low_risk_defended,37,2937,38.0,19.67011882445021,-18.32988117554979,8,Calmed down,1394.9030316508697,-19.859707343356263,67.84727925895915,0.7446808510638298,0.0,0.0425531914893617
mixed_ethical,"Agents keep role tendencies, but everyone is discouraged from severe escalation.",low_risk_defended,38,2938,38.0,18.9923232722984,-19.0076767277016,8,Calmed down,1605.2142507734995,-22.838663444859705,78.05957239780302,0.6481481481481481,0.0,0.037037037037037035
mixed_ethical,"Agents keep role tendencies, but everyone is discouraged from severe escalation.",low_risk_defended,39,2939,38.0,18.5609858447665,-19.4390141552335,7,Calmed down,1847.2002002645236,-26.264462961588666,89.82934263247348,0.8125,0.0,0.08333333333333333
mixed_ethical,"Agents keep role tendencies, but everyone is discouraged from severe escalation.",low_risk_defended,40,2940,38.0,19.810223010295115,-18.189776989704885,7,Calmed down,2125.409977804201,-30.204132405826964,103.4307284023445,0.7058823529411765,0.0,0.1568627450980392
role_based,Agents learn according to their role. Instigators are rewarded when escalation succeeds.,medium_tipping_point,1,1001,38.0,80.03252049173652,42.03252049173652,15,Got worse,-0.3118500000000001,-0.08504999999999996,-0.22207499999999997,0.17142857142857143,0.2857142857142857,0.24761904761904763
role_based,Agents learn according to their role. Instigators are rewarded when escalation succeeds.,medium_tipping_point,2,1002,38.0,80.58894171389952,42.588941713899516,16,Got worse,-0.5570775000000003,-0.29153249999999986,-0.39477374999999987,0.2204724409448819,0.28346456692913385,0.1968503937007874
role_based,Agents learn according to their role. Instigators are rewarded when escalation succeeds.,medium_tipping_point,3,1003,38.0,81.72739802977283,43.72739802977283,18,Got worse,-0.9950141250000006,-0.4864623749999998,-0.5768398124999998,0.23770491803278687,0.28688524590163933,0.16393442622950818
role_based,Agents learn according to their role. Instigators are rewarded when escalation succeeds.,medium_tipping_point,4,1004,38.0,82.84325409539113,44.84325409539113,18,Got worse,-1.3427162437500009,-0.7129942312499999,-0.8358282843749998,0.22377622377622378,0.2517482517482518,0.1958041958041958
role_based,Agents learn according to their role. Instigators are rewarded when escalation succeeds.,medium_tipping_point,5,1005,38.0,81.34718972327761,43.34718972327761,16,Got worse,-1.9599236803125004,-0.8199433659375003,-1.1242150270312499,0.1774193548387097,0.2903225806451613,0.18548387096774194
role_based,Agents learn according to their role. Instigators are rewarded when escalation succeeds.,medium_tipping_point,6,1006,38.0,81.85803580396102,43.858035803961016,14,Got worse,-2.2987997323593756,-0.8933223708281259,-1.413334781085938,0.19469026548672566,0.2743362831858407,0.22123893805309736
role_based,Agents learn according to their role. Instigators are rewarded when escalation succeeds.,medium_tipping_point,7,1007,38.0,82.2289207880006,44.22892078800059,17,Got worse,-3.0924946922132808,-1.0296832264523454,-1.8166974982488295,0.20833333333333334,0.2833333333333333,0.225
role_based,Agents learn according to their role. Instigators are rewarded when escalation succeeds.,medium_tipping_point,8,1008,38.0,78.11642168934453,40.116421689344534,18,Stayed unresolved,-4.038318896045273,-1.3613232104201967,-2.2215021229861547,0.2482758620689655,0.2689655172413793,0.2206896551724138
role_based,Agents learn according to their role. Instigators are rewarded when escalation succeeds.,medium_tipping_point,9,1009,38.0,81.17378465889634,43.17378465889634,15,Got worse,-5.1165667304520674,-1.586784191983225,-2.755539941434077,0.2,0.312,0.216
role_based,Agents learn according to their role. Instigators are rewarded when escalation succeeds.,medium_tipping_point,10,1010,38.0,80.5091083908967,42.5091083908967,17,Got worse,-6.337651740019878,-1.838976820780708,-3.2988084326491878,0.18382352941176472,0.25735294117647056,0.14705882352941177
role_based,Agents learn according to their role. Instigators are rewarded when escalation succeeds.,medium_tipping_point,11,1011,38.0,82.86144529672745,44.86144529672745,15,Got worse,-7.6473995010228615,-2.1975108438978133,-3.970817197546565,0.16806722689075632,0.29411764705882354,0.2184873949579832
role_based,Agents learn according to their role. Instigators are rewarded when escalation succeeds.,medium_tipping_point,12,1012,38.0,71.10459030067395,33.10459030067395,18,Stayed unresolved,-9.271734426176293,-2.5672999704824853,-4.677477277178549,0.2672413793103448,0.25862068965517243,0.14655172413793102
role_based,Agents learn according to their role. Instigators are rewarded when escalation succeeds.,medium_tipping_point,13,1013,38.0,80.30100565066628,42.30100565066628,16,Got worse,-11.19169459010274,-2.973657466054858,-5.513761368755332,0.2283464566929134,0.30708661417322836,0.16535433070866143
role_based,Agents learn according to their role. Instigators are rewarded when escalation succeeds.,medium_tipping_point,14,1014,38.0,82.00582247736136,44.00582247736136,14,Got worse,-13.324048778618154,-3.4834935859630862,-6.506200574068631,0.21621621621621623,0.3783783783783784,0.1981981981981982
role_based,Agents learn according to their role. Instigators are rewarded when escalation succeeds.,medium_tipping_point,15,1015,38.0,80.3746608171131,42.374660817113096,15,Got worse,-15.851856095410879,-4.010742623857549,-7.6144306601789244,0.2457627118644068,0.3474576271186441,0.13559322033898305
role_based,Agents learn according to their role. Instigators are rewarded when escalation succeeds.,medium_tipping_point,16,1016,38.0,81.9364169800353,43.936416980035304,13,Got worse,-18.565109509722504,-4.664329017436186,-8.886532759205762,0.1743119266055046,0.3669724770642202,0.1651376146788991
role_based,Agents learn according to their role. Instigators are rewarded when escalation succeeds.,medium_tipping_point,17,1017,38.0,82.44633794696571,44.44633794696571,15,Got worse,-21.75150093618087,-5.418315870051619,-10.432137673086634,0.19310344827586207,0.23448275862068965,0.2482758620689655
role_based,Agents learn according to their role. Instigators are rewarded when escalation succeeds.,medium_tipping_point,18,1018,38.0,82.75355412946097,44.753554129460966,14,Got worse,-25.51035107660799,-6.205075750559368,-12.159970824049635,0.20149253731343283,0.30597014925373134,0.208955223880597
role_based,Agents learn according to their role. Instigators are rewarded when escalation succeeds.,medium_tipping_point,19,1019,38.0,77.81784616275306,39.81784616275306,18,Stayed unresolved,-29.880278738099175,-7.173637113143279,-14.146978947657086,0.22556390977443608,0.2631578947368421,0.17293233082706766
role_based,Agents learn according to their role. Instigators are rewarded when escalation succeeds.,medium_tipping_point,20,1020,38.0,83.42368554759688,45.423685547596875,16,Got worse,-34.72142054881404,-8.223695180114776,-16.406050789805658,0.2153846153846154,0.3230769230769231,0.16923076923076924
role_based,Agents learn according to their role. Instigators are rewarded when escalation succeeds.,medium_tipping_point,21,1021,38.0,83.20318241511114,45.203182415111144,15,Got worse,-40.32653363113616,-9.471424457131997,-19.072495908276515,0.183206106870229,0.2748091603053435,0.22137404580152673
role_based,Agents learn according to their role. Instigators are rewarded when escalation succeeds.,medium_tipping_point,22,1022,38.0,84.50471356857453,46.50471356857453,13,Got worse,-46.72043867580659,-10.970100625701804,-22.063307794517996,0.1958762886597938,0.422680412371134,0.17525773195876287
role_based,Agents learn according to their role. Instigators are rewarded when escalation succeeds.,medium_tipping_point,23,1023,38.0,81.00872379727176,43.008723797271756,17,Got worse,-54.1868294771776,-12.69830321955708,-25.526366463695705,0.24615384615384617,0.3076923076923077,0.2
role_based,Agents learn according to their role. Instigators are rewarded when escalation succeeds.,medium_tipping_point,24,1024,38.0,84.28039165957419,46.28039165957419,17,Got worse,-62.78262889875426,-14.614861202490646,-29.506521433250068,0.2,0.3,0.17692307692307693
role_based,Agents learn according to their role. Instigators are rewarded when escalation succeeds.,medium_tipping_point,25,1025,38.0,83.00885861203452,45.008858612034516,14,Got worse,-72.6914232335674,-16.73857788286425,-34.093149648237585,0.23008849557522124,0.336283185840708,0.20353982300884957
role_based,Agents learn according to their role. Instigators are rewarded when escalation succeeds.,medium_tipping_point,26,1026,38.0,80.72112082485282,42.72112082485282,14,Got worse,-84.06763671860254,-19.232827065293872,-39.42210959547323,0.20491803278688525,0.319672131147541,0.2459016393442623
role_based,Agents learn according to their role. Instigators are rewarded when escalation succeeds.,medium_tipping_point,27,1027,38.0,81.03422379952374,43.034223799523744,17,Got worse,-97.18808222639294,-22.26658862508792,-45.47717603479419,0.21374045801526717,0.2900763358778626,0.16793893129770993
role_based,Agents learn according to their role. Instigators are rewarded when escalation succeeds.,medium_tipping_point,28,1028,38.0,81.11894212462525,43.11894212462525,11,Got worse,-111.9174945603519,-25.675089418851083,-52.440502440013304,0.09278350515463918,0.3711340206185567,0.20618556701030927
role_based,Agents learn according to their role. Instigators are rewarded when escalation succeeds.,medium_tipping_point,29,1029,38.0,80.56107813931314,42.56107813931314,12,Got worse,-128.95081874440467,-29.53107783167873,-60.45777780601528,0.16129032258064516,0.3548387096774194,0.22580645161290322
role_based,Agents learn according to their role. Instigators are rewarded when escalation succeeds.,medium_tipping_point,30,1030,38.0,80.63509936161334,42.63509936161334,16,Got worse,-148.72814155606542,-33.982002006430506,-69.72725697691754,0.18604651162790697,0.26356589147286824,0.21705426356589147
role_based,Agents learn according to their role. Instigators are rewarded when escalation succeeds.,medium_tipping_point,31,1031,38.0,81.49485535988003,43.494855359880034,14,Got worse,-171.41536278947524,-39.093477307395105,-80.37062052345516,0.1875,0.29464285714285715,0.24107142857142858
role_based,Agents learn according to their role. Instigators are rewarded when escalation succeeds.,medium_tipping_point,32,1032,38.0,77.46630409912046,39.466304099120464,18,Stayed unresolved,-197.57654220789652,-44.9551364035044,-92.57032610197346,0.26515151515151514,0.2727272727272727,0.2196969696969697
role_based,Agents learn according to their role. Instigators are rewarded when escalation succeeds.,medium_tipping_point,33,1033,38.0,83.49536759024939,45.49536759024939,16,Got worse,-227.59574853908103,-51.75510686403009,-106.59053751726952,0.208955223880597,0.3283582089552239,0.1791044776119403
role_based,Agents learn according to their role. Instigators are rewarded when escalation succeeds.,medium_tipping_point,34,1034,38.0,80.11535730088337,42.115357300883375,14,Got worse,-262.16981081994317,-59.47821039363464,-122.69960564485999,0.2169811320754717,0.3867924528301887,0.16981132075471697
role_based,Agents learn according to their role. Instigators are rewarded when escalation succeeds.,medium_tipping_point,35,1035,38.0,81.91885171100084,43.91885171100084,16,Got worse,-302.1473324429344,-68.50152945267989,-141.28173399158902,0.25333333333333335,0.30666666666666664,0.16666666666666666
role_based,Agents learn according to their role. Instigators are rewarded when escalation succeeds.,medium_tipping_point,36,1036,38.0,80.19175273353105,42.19175273353105,16,Got worse,-347.96083230937427,-78.7176963705819,-162.70788159032742,0.2222222222222222,0.2777777777777778,0.2619047619047619
role_based,Agents learn according to their role. Instigators are rewarded when escalation succeeds.,medium_tipping_point,37,1037,38.0,81.13913195417086,43.139131954170864,16,Got worse,-400.6132821557802,-90.61040082616924,-187.3385013288766,0.2,0.256,0.272
role_based,Agents learn according to their role. Instigators are rewarded when escalation succeeds.,medium_tipping_point,38,1038,38.0,82.69817564311295,44.69817564311295,14,Got worse,-461.08327447914706,-104.21377345009466,-215.6046515282081,0.1794871794871795,0.3418803418803419,0.18803418803418803
role_based,Agents learn according to their role. Instigators are rewarded when escalation succeeds.,medium_tipping_point,39,1039,38.0,82.20946935272694,44.20946935272694,15,Got worse,-530.2977406510191,-119.8104019676089,-248.08473675743937,0.18487394957983194,0.3025210084033613,0.20168067226890757
role_based,Agents learn according to their role. Instigators are rewarded when escalation succeeds.,medium_tipping_point,40,1040,38.0,80.37602323244923,42.37602323244923,18,Got worse,-610.2960017486718,-137.7677872627501,-285.4439222710553,0.2421875,0.2734375,0.1796875
victim_safety,All agents are rewarded when harm decreases and penalised when bullying increases.,medium_tipping_point,1,2001,38.0,16.854315772090537,-21.145684227909463,13,Calmed down,1.7116312499999988,0.012993750000000002,-0.04606875,0.8375,0.0125,0.05
victim_safety,All agents are rewarded when harm decreases and penalised when bullying increases.,medium_tipping_point,2,2002,38.0,19.771651643609754,-18.228348356390246,15,Calmed down,3.700088437499997,-0.006319687500000001,-0.0222665625,0.8235294117647058,0.023529411764705882,0.058823529411764705
victim_safety,All agents are rewarded when harm decreases and penalised when bullying increases.,medium_tipping_point,3,2003,38.0,17.07367970469264,-20.92632029530736,7,Calmed down,5.722214203124995,0.005726109375,-0.0019815468750000037,0.9583333333333334,0.020833333333333332,0.020833333333333332
victim_safety,All agents are rewarded when harm decreases and penalised when bullying increases.,medium_tipping_point,4,2004,38.0,19.251742457400173,-18.748257542599827,8,Calmed down,7.934258833593744,0.019578775781250002,0.04497122109375,0.9019607843137255,0.0196078431372549,0.0392156862745098
victim_safety,All agents are rewarded when harm decreases and penalised when bullying increases.,medium_tipping_point,5,2005,38.0,16.38230704902039,-21.61769295097961,8,Calmed down,10.808860158632804,0.0225155921484375,0.1225919042578125,0.9473684210526315,0.0,0.05263157894736842
victim_safety,All agents are rewarded when harm decreases and penalised when bullying increases.,medium_tipping_point,6,2006,38.0,19.356786308925923,-18.643213691074077,10,Calmed down,14.039051682427722,0.014080430970703127,0.1882306898964844,0.9,0.03333333333333333,0.03333333333333333
victim_safety,All agents are rewarded when harm decreases and penalised when bullying increases.,medium_tipping_point,7,2007,38.0,17.92297494860431,-20.07702505139569,7,Calmed down,17.569496934791882,-0.005070004383691408,0.21646529338095707,0.9090909090909091,0.03636363636363636,0.0
victim_safety,All agents are rewarded when harm decreases and penalised when bullying increases.,medium_tipping_point,8,2008,38.0,17.906020333140322,-20.093979666859678,9,Calmed down,21.646046475010674,-0.005830505041245118,0.20877258738810067,0.9285714285714286,0.0,0.03571428571428571
victim_safety,All agents are rewarded when harm decreases and penalised when bullying increases.,medium_tipping_point,9,2009,38.0,19.27842861520284,-18.72157138479716,7,Calmed down,26.296278446262292,0.006288669202568115,0.26371347549631574,0.8979591836734694,0.02040816326530612,0.02040816326530612
victim_safety,All agents are rewarded when harm decreases and penalised when bullying increases.,medium_tipping_point,10,2010,38.0,19.755976344293444,-18.244023655706556,5,Calmed down,31.54836396320165,0.00723196958295334,0.3032704968207631,0.9534883720930233,0.0,0.0
victim_safety,All agents are rewarded when harm decreases and penalised when bullying increases.,medium_tipping_point,11,2011,38.0,19.04475424672415,-18.95524575327585,13,Calmed down,37.81860605768193,0.008316765020396346,0.32867982134387763,0.9295774647887324,0.0,0.014084507042253521
victim_safety,All agents are rewarded when harm decreases and penalised when bullying increases.,medium_tipping_point,12,2012,38.0,17.370139101578346,-20.629860898421654,8,Calmed down,45.14987196633421,0.022558029773455814,0.4016067945454592,0.9122807017543859,0.017543859649122806,0.017543859649122806
victim_safety,All agents are rewarded when harm decreases and penalised when bullying increases.,medium_tipping_point,13,2013,38.0,18.79899669098246,-19.20100330901754,10,Calmed down,53.63870901128432,0.02594173423947417,0.4618478137272781,1.0,0.0,0.0
victim_safety,All agents are rewarded when harm decreases and penalised when bullying increases.,medium_tipping_point,14,2014,38.0,17.74278035392999,-20.25721964607001,10,Calmed down,63.33117786297693,0.029832994375395303,0.5311249857863698,0.9818181818181818,0.0,0.0
victim_safety,All agents are rewarded when harm decreases and penalised when bullying increases.,medium_tipping_point,15,2015,38.0,18.495014002739914,-19.504985997260086,12,Calmed down,74.52594829242344,0.03430794353170461,0.6178812336543253,0.9027777777777778,0.0,0.05555555555555555
victim_safety,All agents are rewarded when harm decreases and penalised when bullying increases.,medium_tipping_point,16,2016,38.0,19.338039893637553,-18.661960106362447,9,Calmed down,87.15423428628694,0.039454135061460296,0.714107168702474,0.9074074074074074,0.0,0.037037037037037035
victim_safety,All agents are rewarded when harm decreases and penalised when bullying increases.,medium_tipping_point,17,2017,38.0,18.46168182527636,-19.53831817472364,6,Calmed down,101.50311942923003,0.045372255320679344,0.8212232440078452,0.975609756097561,0.0,0.0
victim_safety,All agents are rewarded when harm decreases and penalised when bullying increases.,medium_tipping_point,18,2018,38.0,19.566864089861063,-18.433135910138937,8,Calmed down,118.1720748436146,0.052178093618781264,0.9243254806090221,0.9803921568627451,0.0,0.0196078431372549
victim_safety,All agents are rewarded when harm decreases and penalised when bullying increases.,medium_tipping_point,19,2019,38.0,19.397072844665097,-18.602927155334903,7,Calmed down,137.33310482015685,0.060004807661598464,1.0629743027003755,0.9782608695652174,0.0,0.0
victim_safety,All agents are rewarded when harm decreases and penalised when bullying increases.,medium_tipping_point,20,2020,38.0,19.441542942647537,-18.558457057352463,9,Calmed down,159.49940804318047,0.06900552881083824,1.222420448105432,0.9615384615384616,0.0,0.0
victim_safety,All agents are rewarded when harm decreases and penalised when bullying increases.,medium_tipping_point,21,2021,38.0,19.817811026958964,-18.182188973041036,6,Calmed down,184.5606817496576,0.07935635813246397,1.4530335153212468,0.95,0.0,0.05
victim_safety,All agents are rewarded when harm decreases and penalised when bullying increases.,medium_tipping_point,22,2022,38.0,18.80518350445561,-19.19481649554439,7,Calmed down,213.74733401210634,0.09125981185233349,1.6709885426194337,0.9795918367346939,0.0,0.0
victim_safety,All agents are rewarded when harm decreases and penalised when bullying increases.,medium_tipping_point,23,2023,38.0,18.4485391134472,-19.5514608865528,6,Calmed down,247.02966536392233,0.10494878363018355,1.9251805740123489,0.9555555555555556,0.0,0.044444444444444446
victim_safety,All agents are rewarded when harm decreases and penalised when bullying increases.,medium_tipping_point,24,2024,38.0,19.862919897156175,-18.137080102843825,6,Calmed down,285.34096516851076,0.12069110117471107,2.2139576601142013,1.0,0.0,0.0
victim_safety,All agents are rewarded when harm decreases and penalised when bullying increases.,medium_tipping_point,25,2025,38.0,17.784745893605677,-20.215254106394323,10,Calmed down,329.71671619378736,0.13879476635091778,2.6169263091313315,0.9482758620689655,0.0,0.05172413793103448
victim_safety,All agents are rewarded when harm decreases and penalised when bullying increases.,medium_tipping_point,26,2026,38.0,18.876873672485523,-19.123126327514477,6,Calmed down,380.4499736228552,0.1596139813035555,3.0094652555010315,0.9523809523809523,0.0,0.0
victim_safety,All agents are rewarded when harm decreases and penalised when bullying increases.,medium_tipping_point,27,2027,38.0,16.935200738172114,-21.064799261827886,8,Calmed down,439.1440509162832,0.18355607849908886,3.460885043826186,0.9622641509433962,0.0,0.0
victim_safety,All agents are rewarded when harm decreases and penalised when bullying increases.,medium_tipping_point,28,2028,38.0,16.51831269014192,-21.48168730985808,10,Calmed down,506.80170855372535,0.21108949027395227,4.003642800400113,0.9491525423728814,0.0,0.01694915254237288
victim_safety,All agents are rewarded when harm decreases and penalised when bullying increases.,medium_tipping_point,29,2029,38.0,18.688327567635373,-19.311672432364627,6,Calmed down,584.2252898367839,0.24275291381504507,4.627814220460131,0.9565217391304348,0.0,0.021739130434782608
victim_safety,All agents are rewarded when harm decreases and penalised when bullying increases.,medium_tipping_point,30,2030,38.0,19.104299055389205,-18.895700944610795,8,Calmed down,673.393527062301,0.27916585088730206,5.369236353529151,0.9423076923076923,0.0,0.038461538461538464
victim_safety,All agents are rewarded when harm decreases and penalised when bullying increases.,medium_tipping_point,31,2031,38.0,17.844629378936013,-20.155370621063987,9,Calmed down,775.7798936216467,0.3210407285203972,6.198246806558524,0.9803921568627451,0.0,0.0196078431372549
victim_safety,All agents are rewarded when harm decreases and penalised when bullying increases.,medium_tipping_point,32,2032,38.0,17.295163530906095,-20.704836469093905,8,Calmed down,893.6210776648938,0.369196837798457,7.127983827542302,0.9795918367346939,0.0,0.0
victim_safety,All agents are rewarded when harm decreases and penalised when bullying increases.,medium_tipping_point,33,2033,38.0,19.771835902927407,-18.228164097072593,8,Calmed down,1029.110089314628,0.4245763634682255,8.220806401673649,0.9795918367346939,0.0,0.02040816326530612
victim_safety,All agents are rewarded when harm decreases and penalised when bullying increases.,medium_tipping_point,34,2034,38.0,18.692422025579262,-19.307577974420738,9,Calmed down,1185.0204964618229,0.4882628179884594,9.548427361924695,0.875,0.0,0.07142857142857142
victim_safety,All agents are rewarded when harm decreases and penalised when bullying increases.,medium_tipping_point,35,2035,38.0,19.806273421651465,-18.193726578348535,7,Calmed down,1364.1166521810972,0.5615022406867286,10.9806914662134,0.9555555555555556,0.0,0.0
victim_safety,All agents are rewarded when harm decreases and penalised when bullying increases.,medium_tipping_point,36,2036,38.0,18.92172412640891,-19.07827587359109,6,Calmed down,1570.0937687582607,0.6457275767897376,12.627795186145411,0.9782608695652174,0.0,0.0
victim_safety,All agents are rewarded when harm decreases and penalised when bullying increases.,medium_tipping_point,37,2037,38.0,19.069809826442544,-18.930190173557456,8,Calmed down,1807.1871653219991,0.7425867133081984,14.569214464067223,0.9444444444444444,0.0,0.037037037037037035
victim_safety,All agents are rewarded when harm decreases and penalised when bullying increases.,medium_tipping_point,38,2038,38.0,19.605641149698673,-18.394358850301327,5,Calmed down,2079.604777620298,0.8539747203044283,16.778221633677305,0.9545454545454546,0.0,0.022727272727272728
victim_safety,All agents are rewarded when harm decreases and penalised when bullying increases.,medium_tipping_point,39,2039,38.0,18.779531461072086,-19.220468538927914,6,Calmed down,2392.916925513342,0.9820709283500922,19.294954878728902,1.0,0.0,0.0
victim_safety,All agents are rewarded when harm decreases and penalised when bullying increases.,medium_tipping_point,40,2040,38.0,18.667848807422985,-19.332151192577015,7,Calmed down,2753.353470590342,1.1293815676026058,22.21282311053824,0.9215686274509803,0.0,0.0196078431372549
mixed_ethical,"Agents keep role tendencies, but everyone is discouraged from severe escalation.",medium_tipping_point,1,3001,38.0,24.9545313835077,-13.0454686164923,18,Stayed unresolved,1.5844106250000005,-0.035673750000000004,0.045123750000000004,0.6347826086956522,0.02608695652173913,0.1826086956521739
mixed_ethical,"Agents keep role tendencies, but everyone is discouraged from severe escalation.",medium_tipping_point,2,3002,38.0,16.78579410160372,-21.21420589839628,15,Calmed down,3.8547672187500015,-0.06724856250000001,0.1004416875,0.8105263157894737,0.06315789473684211,0.042105263157894736
mixed_ethical,"Agents keep role tendencies, but everyone is discouraged from severe escalation.",medium_tipping_point,3,3003,38.0,19.527374046334145,-18.472625953665855,12,Calmed down,5.955259176562503,-0.09434584687500003,0.109365440625,0.8,0.02666666666666667,0.05333333333333334
mixed_ethical,"Agents keep role tendencies, but everyone is discouraged from severe escalation.",medium_tipping_point,4,3004,38.0,19.612911312095953,-18.387088687904047,8,Calmed down,8.174737428046878,-0.10849772390625004,0.14230775671875,0.9574468085106383,0.0,0.02127659574468085
mixed_ethical,"Agents keep role tendencies, but everyone is discouraged from severe escalation.",medium_tipping_point,5,3005,38.0,19.84632578402522,-18.15367421597478,8,Calmed down,10.782774292253906,-0.12477238249218756,0.18231767022656253,0.9574468085106383,0.0,0.02127659574468085
mixed_ethical,"Agents keep role tendencies, but everyone is discouraged from severe escalation.",medium_tipping_point,6,3006,38.0,19.344400765786148,-18.655599234213852,9,Calmed down,13.752603561091993,-0.1434882398660157,0.22301344576054688,0.9074074074074074,0.0,0.018518518518518517
mixed_ethical,"Agents keep role tendencies, but everyone is discouraged from severe escalation.",medium_tipping_point,7,3007,38.0,17.35499860247151,-20.64500139752849,9,Calmed down,17.44880847025579,-0.16501147584591805,0.2791454626246289,0.9310344827586207,0.0,0.034482758620689655
mixed_ethical,"Agents keep role tendencies, but everyone is discouraged from severe escalation.",medium_tipping_point,8,3008,38.0,19.83770424652664,-18.16229575347336,5,Calmed down,21.31140349079416,-0.18976319722280574,0.3375547820183233,0.9512195121951219,0.0,0.024390243902439025
mixed_ethical,"Agents keep role tendencies, but everyone is discouraged from severe escalation.",medium_tipping_point,9,3009,38.0,17.846163637880196,-20.153836362119804,6,Calmed down,25.805244639413285,-0.21822767680622662,0.4223261243210718,0.9333333333333333,0.0,0.044444444444444446
mixed_ethical,"Agents keep role tendencies, but everyone is discouraged from severe escalation.",medium_tipping_point,10,3010,38.0,18.832779658097564,-19.167220341902436,8,Calmed down,31.07947446032528,-0.25096182832716063,0.5174506679692326,0.94,0.0,0.06
mixed_ethical,"Agents keep role tendencies, but everyone is discouraged from severe escalation.",medium_tipping_point,11,3011,38.0,17.339655451066093,-20.660344548933907,9,Calmed down,37.430583129374064,-0.2886061025762347,0.6217645181646174,0.9152542372881356,0.0,0.03389830508474576
mixed_ethical,"Agents keep role tendencies, but everyone is discouraged from severe escalation.",medium_tipping_point,12,3012,38.0,17.70869920203325,-20.29130079796675,6,Calmed down,44.43774622378014,-0.3318970179626699,0.7283773208893101,0.9361702127659575,0.0,0.02127659574468085
mixed_ethical,"Agents keep role tendencies, but everyone is discouraged from severe escalation.",medium_tipping_point,13,3013,38.0,16.460206541754783,-21.539793458245217,8,Calmed down,52.78290940734711,-0.3816815706570704,0.8562976690227065,0.8709677419354839,0.0,0.016129032258064516
mixed_ethical,"Agents keep role tendencies, but everyone is discouraged from severe escalation.",medium_tipping_point,14,3014,38.0,19.044599201769977,-18.955400798230023,7,Calmed down,62.02133769344915,-0.43893380625563094,1.0178173193761126,0.875,0.0,0.041666666666666664
mixed_ethical,"Agents keep role tendencies, but everyone is discouraged from severe escalation.",medium_tipping_point,15,3015,38.0,17.119186872086498,-20.880813127913502,10,Calmed down,73.00061397246645,-0.5047738771939756,1.1551336672825296,0.8636363636363636,0.0,0.015151515151515152
mixed_ethical,"Agents keep role tendencies, but everyone is discouraged from severe escalation.",medium_tipping_point,16,3016,38.0,19.319391216757253,-18.680608783242747,9,Calmed down,85.40789606833641,-0.578363708773072,1.3604155923749088,0.8771929824561403,0.017543859649122806,0.05263157894736842
mixed_ethical,"Agents keep role tendencies, but everyone is discouraged from severe escalation.",medium_tipping_point,17,3017,38.0,19.579969695736295,-18.420030304263705,8,Calmed down,99.74525547858683,-0.6651182650890328,1.5943635562311453,0.9074074074074074,0.0,0.037037037037037035
mixed_ethical,"Agents keep role tendencies, but everyone is discouraged from severe escalation.",medium_tipping_point,18,3018,38.0,19.819273445988266,-18.180726554011734,5,Calmed down,115.80277130037484,-0.7648860048523877,1.846866214665817,0.9230769230769231,0.0,0.02564102564102564
mixed_ethical,"Agents keep role tendencies, but everyone is discouraged from severe escalation.",medium_tipping_point,19,3019,38.0,19.51127999096654,-18.48872000903346,10,Calmed down,134.75972387043103,-0.8796189055802458,2.1238961468656896,0.9824561403508771,0.0,0.0
mixed_ethical,"Agents keep role tendencies, but everyone is discouraged from severe escalation.",medium_tipping_point,20,3020,38.0,17.37462528966397,-20.62537471033603,8,Calmed down,156.4780043259956,-1.0115617414172828,2.4528755688955437,0.9245283018867925,0.0,0.018867924528301886
mixed_ethical,"Agents keep role tendencies, but everyone is discouraged from severe escalation.",medium_tipping_point,21,3021,38.0,18.28068671840973,-19.71931328159027,8,Calmed down,181.52442934989512,-1.163296002629875,2.8693562792298746,0.9107142857142857,0.0,0.05357142857142857
mixed_ethical,"Agents keep role tendencies, but everyone is discouraged from severe escalation.",medium_tipping_point,22,3022,38.0,16.276797296492,-21.723202703508,7,Calmed down,210.23615312737954,-1.3377904030243566,3.3080284711143557,0.9607843137254902,0.0,0.0196078431372549
mixed_ethical,"Agents keep role tendencies, but everyone is discouraged from severe escalation.",medium_tipping_point,23,3023,38.0,19.423991878119207,-18.576008121880793,6,Calmed down,243.1046167214866,-1.5384589634780101,3.8341183667815093,0.9555555555555556,0.0,0.044444444444444446
mixed_ethical,"Agents keep role tendencies, but everyone is discouraged from severe escalation.",medium_tipping_point,24,3024,38.0,19.77377806204515,-18.22622193795485,5,Calmed down,280.8017623547097,-1.7692278079997117,4.425773621798735,0.975,0.0,0.025
mixed_ethical,"Agents keep role tendencies, but everyone is discouraged from severe escalation.",medium_tipping_point,25,3025,38.0,17.629077595184523,-20.370922404815477,8,Calmed down,324.4218598329163,-2.0346119791996684,5.102987790068546,0.9615384615384616,0.0,0.019230769230769232
mixed_ethical,"Agents keep role tendencies, but everyone is discouraged from severe escalation.",medium_tipping_point,26,3026,38.0,18.758781305863533,-19.241218694136467,11,Calmed down,374.54918005785356,-2.339803776079618,5.884973458578827,0.9636363636363636,0.0,0.01818181818181818
mixed_ethical,"Agents keep role tendencies, but everyone is discouraged from severe escalation.",medium_tipping_point,27,3027,38.0,16.55313524102659,-21.44686475897341,7,Calmed down,432.17008331653136,-2.6907743424915616,6.767719477365652,0.9787234042553191,0.0,0.0
mixed_ethical,"Agents keep role tendencies, but everyone is discouraged from severe escalation.",medium_tipping_point,28,3028,38.0,18.208192912967874,-19.791807087032126,8,Calmed down,498.50499706401087,-3.094390493865296,7.782877398970499,0.9803921568627451,0.0,0.0
mixed_ethical,"Agents keep role tendencies, but everyone is discouraged from severe escalation.",medium_tipping_point,29,3029,38.0,19.334794554689303,-18.665205445310697,7,Calmed down,574.7087597486122,-3.55854906794509,8.950309008816074,1.0,0.0,0.0
mixed_ethical,"Agents keep role tendencies, but everyone is discouraged from severe escalation.",medium_tipping_point,30,3030,38.0,19.052389045339762,-18.947610954660238,9,Calmed down,662.3132012109039,-4.092331428136854,10.279625360138485,0.9444444444444444,0.0,0.018518518518518517
mixed_ethical,"Agents keep role tendencies, but everyone is discouraged from severe escalation.",medium_tipping_point,31,3031,38.0,19.354183828365795,-18.645816171634205,9,Calmed down,763.10343264254,-4.706181142357382,11.838106664159259,0.8867924528301887,0.0,0.018867924528301886
mixed_ethical,"Agents keep role tendencies, but everyone is discouraged from severe escalation.",medium_tipping_point,32,3032,38.0,18.786534611004473,-19.213465388995527,10,Calmed down,879.0967762889215,-5.4121083137109895,13.627170788783147,0.9285714285714286,0.0,0.017857142857142856
mixed_ethical,"Agents keep role tendencies, but everyone is discouraged from severe escalation.",medium_tipping_point,33,3033,38.0,17.27221387256694,-20.72778612743306,9,Calmed down,1012.5575158572603,-6.223924560767639,15.687783907100618,0.9,0.0,0.016666666666666666
mixed_ethical,"Agents keep role tendencies, but everyone is discouraged from severe escalation.",medium_tipping_point,34,3034,38.0,17.17509021561797,-20.82490978438203,8,Calmed down,1165.76520636085,-7.157513244882784,18.040951493165714,0.9787234042553191,0.0,0.0
mixed_ethical,"Agents keep role tendencies, but everyone is discouraged from severe escalation.",medium_tipping_point,35,3035,38.0,17.40720819660249,-20.59279180339751,9,Calmed down,1342.2553873149782,-8.231140231615203,20.760796717140572,0.9516129032258065,0.0,0.04838709677419355
mixed_ethical,"Agents keep role tendencies, but everyone is discouraged from severe escalation.",medium_tipping_point,36,3036,38.0,18.70721276436658,-19.29278723563342,9,Calmed down,1545.084787287224,-9.465811266357482,23.920512474711654,0.875,0.0,0.05357142857142857
mixed_ethical,"Agents keep role tendencies, but everyone is discouraged from severe escalation.",medium_tipping_point,37,3037,38.0,14.79338191527538,-23.20661808472462,10,Calmed down,1778.6115841303063,-10.885682956311104,27.508589345918406,0.9523809523809523,0.0,0.0
mixed_ethical,"Agents keep role tendencies, but everyone is discouraged from severe escalation.",medium_tipping_point,38,3038,38.0,19.49760785591155,-18.50239214408845,5,Calmed down,2046.6444611248514,-12.51853539975777,31.634877747806165,0.975609756097561,0.0,0.0
mixed_ethical,"Agents keep role tendencies, but everyone is discouraged from severe escalation.",medium_tipping_point,39,3039,38.0,18.852473472036284,-19.147526527963716,11,Calmed down,2355.2104209185777,-14.394189459721437,36.4430700349771,0.890625,0.015625,0.0625
mixed_ethical,"Agents keep role tendencies, but everyone is discouraged from severe escalation.",medium_tipping_point,40,3040,38.0,19.211162368906706,-18.788837631093294,10,Calmed down,2710.0996653063626,-16.55331787867965,41.959261165223666,0.8636363636363636,0.0,0.07575757575757576
role_based,Agents learn according to their role. Instigators are rewarded when escalation succeeds.,high_risk_pressure,1,1101,55.0,82.370897240667,27.370897240667006,3,Got worse,-0.06142500000000001,0.1819125,-0.042525,0.16666666666666666,0.4166666666666667,0.20833333333333334
role_based,Agents learn according to their role. Instigators are rewarded when escalation succeeds.,high_risk_pressure,2,1102,55.0,80.31359414757681,25.313594147576808,3,Got worse,-0.12261375000000001,0.36039937499999997,-0.09851625,0.16,0.4,0.28
role_based,Agents learn according to their role. Instigators are rewarded when escalation succeeds.,high_risk_pressure,3,1103,55.0,81.20262659733393,26.202626597333932,3,Got worse,-0.17880581250000005,0.5349467812500001,-0.14636868749999998,0.08,0.4,0.2
role_based,Agents learn according to their role. Instigators are rewarded when escalation succeeds.,high_risk_pressure,4,1104,55.0,82.57444795991513,27.574447959915133,3,Got worse,-0.29067668437500005,0.7900137984375,-0.208486490625,0.1935483870967742,0.45161290322580644,0.0967741935483871
role_based,Agents learn according to their role. Instigators are rewarded when escalation succeeds.,high_risk_pressure,5,1105,55.0,83.70742403202601,28.70742403202601,3,Got worse,-0.41460318703125004,1.1164158682031247,-0.26338446421875,0.1724137931034483,0.5517241379310345,0.06896551724137931
role_based,Agents learn according to their role. Instigators are rewarded when escalation succeeds.,high_risk_pressure,6,1106,55.0,84.72234659830123,29.72234659830123,3,Got worse,-0.5004186650859375,1.4681532484335933,-0.3241546338515625,0.07142857142857142,0.5,0.10714285714285714
role_based,Agents learn according to their role. Instigators are rewarded when escalation succeeds.,high_risk_pressure,7,1107,55.0,88.83278296505087,33.83278296505087,3,Got worse,-0.6510814648488282,1.9813262356986319,-0.3822278289292969,0.10810810810810811,0.4864864864864865,0.10810810810810811
role_based,Agents learn according to their role. Instigators are rewarded when escalation succeeds.,high_risk_pressure,8,1108,55.0,85.34534107775272,30.34534107775272,3,Got worse,-0.7487436845761525,2.5006001710534265,-0.45373700326869143,0.0,0.52,0.08
role_based,Agents learn according to their role. Instigators are rewarded when escalation succeeds.,high_risk_pressure,9,1109,55.0,86.00011392958972,31.000113929589716,3,Got worse,-0.9555552372625754,3.03634019671144,-0.5359725537589952,0.16666666666666666,0.5333333333333333,0.13333333333333333
role_based,Agents learn according to their role. Instigators are rewarded when escalation succeeds.,high_risk_pressure,10,1110,55.0,92.29089727060486,37.29089727060486,3,Got worse,-1.0988885228519618,3.7752912262181555,-0.6376309368228446,0.0,0.6206896551724138,0.10344827586206896
role_based,Agents learn according to their role. Instigators are rewarded when escalation succeeds.,high_risk_pressure,11,1111,55.0,91.24955096697663,36.24955096697663,3,Got worse,-1.301521801279756,4.603822410150879,-0.7758005773462712,0.0625,0.65625,0.1875
role_based,Agents learn according to their role. Instigators are rewarded when escalation succeeds.,high_risk_pressure,12,1112,55.0,82.96501087551945,27.965010875519454,3,Got worse,-1.5487250714717196,5.44795827167351,-0.9063456639482119,0.16,0.56,0.12
role_based,Agents learn according to their role. Instigators are rewarded when escalation succeeds.,high_risk_pressure,13,1113,55.0,86.34354680387362,31.343546803873622,3,Got worse,-1.8188338321924775,6.463602012424536,-1.0564725135404438,0.07692307692307693,0.6153846153846154,0.07692307692307693
role_based,Agents learn according to their role. Instigators are rewarded when escalation succeeds.,high_risk_pressure,14,1114,55.0,86.5410815298505,31.5410815298505,3,Got worse,-2.1294589070213497,7.624504814288216,-1.2669183905715102,0.06666666666666667,0.43333333333333335,0.2
role_based,Agents learn according to their role. Instigators are rewarded when escalation succeeds.,high_risk_pressure,15,1115,55.0,83.64308501588292,28.643085015882917,3,Got worse,-2.5055777430745523,8.973718036431451,-1.4853061491572368,0.12,0.44,0.16
role_based,Agents learn according to their role. Instigators are rewarded when escalation succeeds.,high_risk_pressure,16,1116,55.0,86.81225175656378,31.812251756563782,3,Got worse,-2.9003144045357345,10.572563241896171,-1.7222770715308222,0.038461538461538464,0.6153846153846154,0.11538461538461539
role_based,Agents learn according to their role. Instigators are rewarded when escalation succeeds.,high_risk_pressure,17,1117,55.0,85.1342398974578,30.134239897457803,3,Got worse,-3.373161565216095,12.2860227281806,-1.9829811322604458,0.08333333333333333,0.5833333333333334,0.08333333333333333
role_based,Agents learn according to their role. Instigators are rewarded when escalation succeeds.,high_risk_pressure,18,1118,55.0,84.46184649194575,29.46184649194575,3,Got worse,-3.879135799998509,14.32028863740769,-2.2827908020995125,0.041666666666666664,0.5,0.125
role_based,Agents learn according to their role. Instigators are rewarded when escalation succeeds.,high_risk_pressure,19,1119,55.0,81.91565325402792,26.915653254027916,3,Got worse,-4.517706169998284,16.673869433018844,-2.6630094224144396,0.19230769230769232,0.5,0.19230769230769232
role_based,Agents learn according to their role. Instigators are rewarded when escalation succeeds.,high_risk_pressure,20,1120,55.0,88.89850000063203,33.898500000632026,3,Got worse,-5.214262095498027,19.359224847971667,-3.0766358357766057,0.041666666666666664,0.7916666666666666,0.08333333333333333
role_based,Agents learn according to their role. Instigators are rewarded when escalation succeeds.,high_risk_pressure,21,1121,55.0,86.59362387721652,31.593623877216515,3,Got worse,-6.034201409822732,22.48518357516741,-3.5452187111430966,0.08695652173913043,0.6956521739130435,0.043478260869565216
role_based,Agents learn according to their role. Instigators are rewarded when escalation succeeds.,high_risk_pressure,22,1122,55.0,84.03560697456184,29.035606974561844,3,Got worse,-6.977131621296141,25.994986111442522,-4.091176517814562,0.09090909090909091,0.5454545454545454,0.09090909090909091
role_based,Agents learn according to their role. Instigators are rewarded when escalation succeeds.,high_risk_pressure,23,1123,55.0,81.56399486297731,26.56399486297731,3,Got worse,-8.156001364490564,30.014721528158894,-4.733202995486746,0.25925925925925924,0.48148148148148145,0.14814814814814814
role_based,Agents learn according to their role. Instigators are rewarded when escalation succeeds.,high_risk_pressure,24,1124,55.0,87.46647498874371,32.46647498874371,3,Got worse,-9.398301569164149,34.76262975738274,-5.464445944809757,0.03571428571428571,0.5357142857142857,0.10714285714285714
role_based,Agents learn according to their role. Instigators are rewarded when escalation succeeds.,high_risk_pressure,25,1125,55.0,88.4416249371119,33.4416249371119,3,Got worse,-10.878921804538772,40.28651172099016,-6.30537533653122,0.1388888888888889,0.5555555555555556,0.08333333333333333
role_based,Agents learn according to their role. Instigators are rewarded when escalation succeeds.,high_risk_pressure,26,1126,55.0,85.95891301332502,30.958913013325017,3,Got worse,-12.529660075219589,46.544475979138696,-7.279531637010903,0.14285714285714285,0.5714285714285714,0.14285714285714285
role_based,Agents learn according to their role. Instigators are rewarded when escalation succeeds.,high_risk_pressure,27,1127,55.0,85.73883002645088,30.738830026450884,3,Got worse,-14.503609086502527,53.734047376009514,-8.392723882562539,0.17857142857142858,0.6071428571428571,0.10714285714285714
role_based,Agents learn according to their role. Instigators are rewarded when escalation succeeds.,high_risk_pressure,28,1128,55.0,89.4804895359683,34.4804895359683,3,Got worse,-16.716950449477906,61.96189198241095,-9.687069964946922,0.07407407407407407,0.5925925925925926,0.25925925925925924
role_based,Agents learn according to their role. Instigators are rewarded when escalation succeeds.,high_risk_pressure,29,1129,55.0,88.51015313279201,33.51015313279201,3,Got worse,-19.281193016899593,71.49715077977257,-11.147217959688959,0.12903225806451613,0.6774193548387096,0.03225806451612903
role_based,Agents learn according to their role. Instigators are rewarded when escalation succeeds.,high_risk_pressure,30,1130,55.0,82.06391206057678,27.063912060576783,2,Got worse,-22.17337196943453,82.46742339673844,-12.833475653642303,0.0,0.6956521739130435,0.08695652173913043
role_based,Agents learn according to their role. Instigators are rewarded when escalation succeeds.,high_risk_pressure,31,1131,55.0,87.67204454739385,32.67204454739385,3,Got worse,-25.537177764849705,95.07614940624919,-14.779759501688646,0.06896551724137931,0.5517241379310345,0.10344827586206896
role_based,Agents learn according to their role. Instigators are rewarded when escalation succeeds.,high_risk_pressure,32,1132,55.0,86.7743721373979,31.774372137397904,3,Got worse,-29.405554429577162,109.49822181718656,-17.013260926941946,0.08333333333333333,0.6666666666666666,0.08333333333333333
role_based,Agents learn according to their role. Instigators are rewarded when escalation succeeds.,high_risk_pressure,33,1133,55.0,88.96443860613324,33.96443860613324,3,Got worse,-33.81638759401374,126.12376758976453,-19.586512565983238,0.0,0.7272727272727273,0.13636363636363635
role_based,Agents learn according to their role. Instigators are rewarded when escalation succeeds.,high_risk_pressure,34,1134,55.0,86.78470302778635,31.78470302778635,3,Got worse,-38.9644457331158,145.3281952282292,-22.545751950880724,0.1724137931034483,0.5862068965517241,0.10344827586206896
role_based,Agents learn according to their role. Instigators are rewarded when escalation succeeds.,high_risk_pressure,35,1135,55.0,84.47268420981993,29.47268420981993,3,Got worse,-44.884712593083165,167.37312451246356,-25.941789743512835,0.14285714285714285,0.5714285714285714,0.10714285714285714
role_based,Agents learn according to their role. Instigators are rewarded when escalation succeeds.,high_risk_pressure,36,1136,55.0,81.58907242143778,26.589072421437777,3,Got worse,-51.693019482045656,192.62320568933305,-29.861408205039762,0.17391304347826086,0.4782608695652174,0.21739130434782608
role_based,Agents learn according to their role. Instigators are rewarded when escalation succeeds.,high_risk_pressure,37,1137,55.0,89.82274288716187,34.822742887161866,3,Got worse,-59.503672404352514,221.73167404273298,-34.38314443579573,0.08333333333333333,0.4722222222222222,0.16666666666666666
role_based,Agents learn according to their role. Instigators are rewarded when escalation succeeds.,high_risk_pressure,38,1138,55.0,85.28783068030444,30.287830680304438,3,Got worse,-68.47174826500539,255.11191264914294,-39.56896610116509,0.13043478260869565,0.5652173913043478,0.21739130434782608
role_based,Agents learn according to their role. Instigators are rewarded when escalation succeeds.,high_risk_pressure,39,1139,55.0,88.37797321193605,33.37797321193605,3,Got worse,-78.7425105047562,293.5157245465144,-45.52557351633985,0.0,0.5833333333333334,0.20833333333333334
role_based,Agents learn according to their role. Instigators are rewarded when escalation succeeds.,high_risk_pressure,40,1140,55.0,89.59693183591507,34.59693183591507,3,Got worse,-90.61058708046963,337.7746082284915,-52.38512204379083,0.0967741935483871,0.6129032258064516,0.12903225806451613
victim_safety,All agents are rewarded when harm decreases and penalised when bullying increases.,high_risk_pressure,1,2101,55.0,83.5663388934092,28.566338893409196,4,Got worse,-0.16891875,-0.3425625,-0.20671875,0.3333333333333333,0.30303030303030304,0.21212121212121213
victim_safety,All agents are rewarded when harm decreases and penalised when bullying increases.,high_risk_pressure,2,2102,55.0,83.43624907949506,28.436249079495056,5,Got worse,-0.4080628125,-0.521521875,-0.5732015625,0.34,0.08,0.24
victim_safety,All agents are rewarded when harm decreases and penalised when bullying increases.,high_risk_pressure,3,2103,55.0,85.10840028977937,30.108400289779368,4,Got worse,-0.5460534843750001,-0.73677515625,-0.924963046875,0.15625,0.125,0.28125
victim_safety,All agents are rewarded when harm decreases and penalised when bullying increases.,high_risk_pressure,4,2104,55.0,81.24172599675197,26.241725996751967,4,Got worse,-0.81341775703125,-1.2890789296875,-1.29050750390625,0.37777777777777777,0.3111111111111111,0.17777777777777778
victim_safety,All agents are rewarded when harm decreases and penalised when bullying increases.,high_risk_pressure,5,2105,55.0,82.55123814164806,27.551238141648057,4,Got worse,-1.1504179205859377,-1.8935157691406255,-1.6317398794921876,0.34146341463414637,0.2926829268292683,0.12195121951219512
victim_safety,All agents are rewarded when harm decreases and penalised when bullying increases.,high_risk_pressure,6,2106,55.0,89.68261449610667,34.682614496106666,4,Got worse,-1.4304743586738282,-2.588618134511719,-2.289938361416015,0.175,0.3,0.35
victim_safety,All agents are rewarded when harm decreases and penalised when bullying increases.,high_risk_pressure,7,2107,55.0,81.96292062402395,26.96292062402395,4,Got worse,-1.8139642624749026,-3.2167046046884766,-2.810616615628418,0.3055555555555556,0.19444444444444445,0.16666666666666666
victim_safety,All agents are rewarded when harm decreases and penalised when bullying increases.,high_risk_pressure,8,2108,55.0,84.00461907990238,29.004619079902383,5,Got worse,-2.2786026518461377,-3.9390040453917483,-3.497990357972681,0.40540540540540543,0.1891891891891892,0.24324324324324326
victim_safety,All agents are rewarded when harm decreases and penalised when bullying increases.,high_risk_pressure,9,2109,55.0,83.70121021441733,28.70121021441733,4,Got worse,-2.7278867996230582,-4.803904652200511,-4.3180014116685825,0.19444444444444445,0.2222222222222222,0.2777777777777778
victim_safety,All agents are rewarded when harm decreases and penalised when bullying increases.,high_risk_pressure,10,2110,55.0,83.61489957644784,28.61489957644784,4,Got worse,-3.213851069566518,-5.695771600030588,-5.2019516234188705,0.14705882352941177,0.14705882352941177,0.23529411764705882
victim_safety,All agents are rewarded when harm decreases and penalised when bullying increases.,high_risk_pressure,11,2111,55.0,85.94733989027421,30.947339890274208,4,Got worse,-3.8187787300014953,-6.892699840035176,-6.248025616931701,0.2222222222222222,0.2777777777777778,0.25
victim_safety,All agents are rewarded when harm decreases and penalised when bullying increases.,high_risk_pressure,12,2112,55.0,82.40256702916793,27.402567029167926,4,Got worse,-4.560514289501721,-8.234911066040452,-7.451010709471458,0.28205128205128205,0.23076923076923078,0.23076923076923078
victim_safety,All agents are rewarded when harm decreases and penalised when bullying increases.,high_risk_pressure,13,2113,55.0,85.52265376160291,30.52265376160291,4,Got worse,-5.352085182926978,-9.74419772594652,-8.834443565892178,0.21212121212121213,0.24242424242424243,0.2727272727272727
victim_safety,All agents are rewarded when harm decreases and penalised when bullying increases.,high_risk_pressure,14,2114,55.0,88.01638078581787,33.01638078581787,4,Got worse,-6.262391710366026,-11.479877384838499,-10.602578850776004,0.175,0.2,0.375
victim_safety,All agents are rewarded when harm decreases and penalised when bullying increases.,high_risk_pressure,15,2115,55.0,84.8423597839467,29.842359783946705,4,Got worse,-7.4013817169209295,-13.681446492564277,-12.340621928392405,0.3023255813953488,0.32558139534883723,0.11627906976744186
victim_safety,All agents are rewarded when harm decreases and penalised when bullying increases.,high_risk_pressure,16,2116,55.0,80.04906731703664,25.049067317036645,3,Got worse,-8.61908272445907,-16.041969716448918,-14.398433967651263,0.2413793103448276,0.3103448275862069,0.2413793103448276
victim_safety,All agents are rewarded when harm decreases and penalised when bullying increases.,high_risk_pressure,17,2117,55.0,86.3103881419537,31.310388141953695,4,Got worse,-10.00408263312793,-18.653802673916257,-16.853511562798953,0.17142857142857143,0.17142857142857143,0.2857142857142857
victim_safety,All agents are rewarded when harm decreases and penalised when bullying increases.,high_risk_pressure,18,2118,55.0,81.12655895395565,26.12655895395565,3,Got worse,-11.550763778097119,-21.725923075003696,-19.470132047218797,0.1111111111111111,0.2962962962962963,0.1111111111111111
victim_safety,All agents are rewarded when harm decreases and penalised when bullying increases.,high_risk_pressure,19,2119,55.0,80.70691225104889,25.70691225104889,4,Got worse,-13.466472094811687,-25.327374036254255,-22.667064354301615,0.35714285714285715,0.23809523809523808,0.23809523809523808
victim_safety,All agents are rewarded when harm decreases and penalised when bullying increases.,high_risk_pressure,20,2120,55.0,80.07860736688093,25.07860736688093,3,Got worse,-15.563224159033439,-29.40053014169239,-26.273842757446854,0.1724137931034483,0.27586206896551724,0.2413793103448276
victim_safety,All agents are rewarded when harm decreases and penalised when bullying increases.,high_risk_pressure,21,2121,55.0,81.19232865292507,26.19232865292507,4,Got worse,-18.020557782888456,-34.016147162946254,-30.42163792106389,0.25,0.1875,0.21875
victim_safety,All agents are rewarded when harm decreases and penalised when bullying increases.,high_risk_pressure,22,2122,55.0,80.48945466029573,25.489454660295735,3,Got worse,-20.831135200321725,-39.426875487388195,-35.191602359223474,0.2413793103448276,0.3103448275862069,0.2413793103448276
victim_safety,All agents are rewarded when harm decreases and penalised when bullying increases.,high_risk_pressure,23,2123,55.0,84.92692697792275,29.926926977922747,4,Got worse,-24.10936798036998,-45.68346931049641,-40.73612396310699,0.30303030303030304,0.30303030303030304,0.2727272727272727
victim_safety,All agents are rewarded when harm decreases and penalised when bullying increases.,high_risk_pressure,24,2124,55.0,86.99924992926958,31.99924992926958,4,Got worse,-27.80255442742548,-52.87855220707088,-46.93513630757304,0.2,0.4,0.12
victim_safety,All agents are rewarded when harm decreases and penalised when bullying increases.,high_risk_pressure,25,2125,55.0,81.36050140014737,26.36050140014737,3,Got worse,-32.0190063415393,-61.015872538131504,-54.300250503709,0.10714285714285714,0.21428571428571427,0.39285714285714285
victim_safety,All agents are rewarded when harm decreases and penalised when bullying increases.,high_risk_pressure,26,2126,55.0,91.24005785857645,36.24005785857645,5,Got worse,-37.0522010427702,-70.57932841885123,-62.79966307926535,0.3125,0.25,0.25
victim_safety,All agents are rewarded when harm decreases and penalised when bullying increases.,high_risk_pressure,27,2127,55.0,83.19950738133859,28.19950738133859,4,Got worse,-42.79430619918573,-81.54304643167892,-72.51492504115515,0.2727272727272727,0.25,0.22727272727272727
victim_safety,All agents are rewarded when harm decreases and penalised when bullying increases.,high_risk_pressure,28,2128,55.0,82.08748136981268,27.08748136981268,3,Got worse,-49.27487712906358,-94.08280964643077,-83.80560129732845,0.13793103448275862,0.3103448275862069,0.4827586206896552
victim_safety,All agents are rewarded when harm decreases and penalised when bullying increases.,high_risk_pressure,29,2129,55.0,85.48524956393354,30.485249563933536,5,Got worse,-56.87637119842313,-108.51889359339536,-96.68238524192772,0.375,0.20833333333333334,0.22916666666666666
victim_safety,All agents are rewarded when harm decreases and penalised when bullying increases.,high_risk_pressure,30,2130,55.0,82.7394281154138,27.7394281154138,4,Got worse,-65.6074581281866,-125.13929013240467,-111.3619305282169,0.3611111111111111,0.2777777777777778,0.16666666666666666
victim_safety,All agents are rewarded when harm decreases and penalised when bullying increases.,high_risk_pressure,31,2131,55.0,81.25993250909997,26.25993250909997,3,Got worse,-75.52535809741458,-144.21848990226536,-128.3024701074494,0.17857142857142858,0.32142857142857145,0.2857142857142857
victim_safety,All agents are rewarded when harm decreases and penalised when bullying increases.,high_risk_pressure,32,2132,55.0,86.57338341830744,31.573383418307444,4,Got worse,-86.97701181202679,-166.15956963760522,-147.84315312356685,0.21621621621621623,0.24324324324324326,0.2702702702702703
victim_safety,All agents are rewarded when harm decreases and penalised when bullying increases.,high_risk_pressure,33,2133,55.0,87.38752550032646,32.38752550032646,4,Got worse,-100.1310573338308,-191.28904258324602,-170.5216573421019,0.1891891891891892,0.16216216216216217,0.4594594594594595
victim_safety,All agents are rewarded when harm decreases and penalised when bullying increases.,high_risk_pressure,34,2134,55.0,83.28002407206942,28.280024072069423,4,Got worse,-115.3196346839054,-220.32496147073292,-196.33615594341717,0.2619047619047619,0.23809523809523808,0.19047619047619047
victim_safety,All agents are rewarded when harm decreases and penalised when bullying increases.,high_risk_pressure,35,2135,55.0,82.14951781694128,27.149517816941284,4,Got worse,-132.70971738649123,-253.51073069134284,-225.9932980849297,0.2608695652173913,0.17391304347826086,0.30434782608695654
victim_safety,All agents are rewarded when harm decreases and penalised when bullying increases.,high_risk_pressure,36,2136,55.0,82.29083667000985,27.290836670009853,4,Got worse,-152.8004499944649,-291.8456465450443,-260.1285427976692,0.35294117647058826,0.2647058823529412,0.23529411764705882
victim_safety,All agents are rewarded when harm decreases and penalised when bullying increases.,high_risk_pressure,37,2137,55.0,85.42786801742218,30.427868017422185,4,Got worse,-175.85872374363464,-335.93079977680094,-299.38407421731955,0.2727272727272727,0.2727272727272727,0.24242424242424243
victim_safety,All agents are rewarded when harm decreases and penalised when bullying increases.,high_risk_pressure,38,2138,55.0,82.14035190698809,27.140351906988087,4,Got worse,-202.40645105517984,-386.5944697433211,-344.5869978499175,0.275,0.2,0.25
victim_safety,All agents are rewarded when harm decreases and penalised when bullying increases.,high_risk_pressure,39,2139,55.0,86.28651116048661,31.28651116048661,4,Got worse,-232.85955621345684,-444.75492145481917,-396.59989127740505,0.18181818181818182,0.15151515151515152,0.3333333333333333
victim_safety,All agents are rewarded when harm decreases and penalised when bullying increases.,high_risk_pressure,40,2140,55.0,80.73535080346932,25.735350803469316,3,Got worse,-267.83455839547537,-511.81072217304205,-456.29659371901585,0.125,0.4166666666666667,0.2916666666666667
mixed_ethical,"Agents keep role tendencies, but everyone is discouraged from severe escalation.",high_risk_pressure,1,3101,55.0,83.04099536019594,28.040995360195936,4,Got worse,-0.17647875000000002,-0.23601375000000002,-0.14375812500000001,0.2571428571428571,0.2571428571428571,0.14285714285714285
mixed_ethical,"Agents keep role tendencies, but everyone is discouraged from severe escalation.",high_risk_pressure,2,3102,55.0,83.20872562687482,28.208725626874823,3,Got worse,-0.31847681249999993,-0.5534983124999999,-0.48307809375,0.1875,0.375,0.34375
mixed_ethical,"Agents keep role tendencies, but everyone is discouraged from severe escalation.",high_risk_pressure,3,3103,55.0,82.46876606629468,27.468766066294677,4,Got worse,-0.4732695843749999,-0.7397643093749999,-0.8573491828124999,0.18181818181818182,0.12121212121212122,0.3333333333333333
mixed_ethical,"Agents keep role tendencies, but everyone is discouraged from severe escalation.",high_risk_pressure,4,3104,55.0,82.55701606707798,27.55701606707798,4,Got worse,-0.6730162720312498,-0.95586020578125,-1.270278435234375,0.1891891891891892,0.13513513513513514,0.2702702702702703
mixed_ethical,"Agents keep role tendencies, but everyone is discouraged from severe escalation.",high_risk_pressure,5,3105,55.0,84.04698645440384,29.046986454403836,4,Got worse,-0.8835887128359374,-1.3195423616484374,-1.7191595755195312,0.20588235294117646,0.23529411764705882,0.2647058823529412
mixed_ethical,"Agents keep role tendencies, but everyone is discouraged from severe escalation.",high_risk_pressure,6,3106,55.0,80.68755240453467,25.68755240453467,3,Got worse,-1.060069519761328,-1.6723355908957032,-2.258171011847461,0.1111111111111111,0.2222222222222222,0.37037037037037035
mixed_ethical,"Agents keep role tendencies, but everyone is discouraged from severe escalation.",high_risk_pressure,7,3107,55.0,80.222024669091,25.222024669091,4,Got worse,-1.4309961977255272,-2.1118315545300583,-2.87590791362458,0.3333333333333333,0.19444444444444445,0.2777777777777778
mixed_ethical,"Agents keep role tendencies, but everyone is discouraged from severe escalation.",high_risk_pressure,8,3108,55.0,83.54261483533273,28.542614835332728,3,Got worse,-1.7002193773843561,-2.6287100377095673,-3.525825350668267,0.12,0.32,0.32
mixed_ethical,"Agents keep role tendencies, but everyone is discouraged from severe escalation.",high_risk_pressure,9,3109,55.0,82.70202040481122,27.702020404811222,4,Got worse,-2.1236985339920094,-3.211662168366002,-4.309849153268508,0.2564102564102564,0.1794871794871795,0.23076923076923078
mixed_ethical,"Agents keep role tendencies, but everyone is discouraged from severe escalation.",high_risk_pressure,10,3110,55.0,85.73568972592933,30.735689725929333,4,Got worse,-2.5884920640908113,-3.945135868620903,-5.061339651258784,0.25806451612903225,0.3225806451612903,0.12903225806451613
mixed_ethical,"Agents keep role tendencies, but everyone is discouraged from severe escalation.",high_risk_pressure,11,3111,55.0,83.31781630783259,28.317816307832587,5,Got worse,-3.2940496237044337,-4.828793123914038,-6.047576848947601,0.4222222222222222,0.24444444444444444,0.17777777777777778
mixed_ethical,"Agents keep role tendencies, but everyone is discouraged from severe escalation.",high_risk_pressure,12,3112,55.0,86.3042585454696,31.304258545469594,4,Got worse,-3.9672345672600993,-5.813577717501145,-7.175370876289741,0.2857142857142857,0.2571428571428571,0.22857142857142856
mixed_ethical,"Agents keep role tendencies, but everyone is discouraged from severe escalation.",high_risk_pressure,13,3113,55.0,84.6799580484793,29.679958048479307,4,Got worse,-4.680917252349113,-6.823466250126317,-8.719569632733203,0.21621621621621623,0.16216216216216217,0.43243243243243246
mixed_ethical,"Agents keep role tendencies, but everyone is discouraged from severe escalation.",high_risk_pressure,14,3114,55.0,84.81793227872546,29.817932278725465,3,Got worse,-5.437628590201481,-8.185414312645264,-10.109720077643182,0.11538461538461539,0.46153846153846156,0.11538461538461539
mixed_ethical,"Agents keep role tendencies, but everyone is discouraged from severe escalation.",high_risk_pressure,15,3115,55.0,88.47474569698488,33.47474569698488,4,Got worse,-6.364546628731704,-9.635419584542053,-11.895148714289661,0.16666666666666666,0.25,0.25
mixed_ethical,"Agents keep role tendencies, but everyone is discouraged from severe escalation.",high_risk_pressure,16,3116,55.0,88.97342549395779,33.97342549395779,4,Got worse,-7.408767373041459,-11.302925647223363,-13.957369146433107,0.14705882352941177,0.2647058823529412,0.29411764705882354
mixed_ethical,"Agents keep role tendencies, but everyone is discouraged from severe escalation.",high_risk_pressure,17,3117,55.0,84.13108719213497,29.13108719213497,4,Got worse,-8.721367478997678,-13.265208869306868,-16.445630143398077,0.2727272727272727,0.20454545454545456,0.3181818181818182
mixed_ethical,"Agents keep role tendencies, but everyone is discouraged from severe escalation.",high_risk_pressure,18,3118,55.0,80.19145053953011,25.19145053953011,4,Got worse,-10.24834010084733,-15.4550939497029,-19.193612164907787,0.30952380952380953,0.19047619047619047,0.23809523809523808
mixed_ethical,"Agents keep role tendencies, but everyone is discouraged from severe escalation.",high_risk_pressure,19,3119,55.0,86.71168148678132,31.711681486781316,4,Got worse,-11.964668615974428,-18.147696167158337,-22.256692739643956,0.2564102564102564,0.3333333333333333,0.1794871794871795
mixed_ethical,"Agents keep role tendencies, but everyone is discouraged from severe escalation.",high_risk_pressure,20,3120,55.0,82.99529798934748,27.995297989347478,4,Got worse,-13.907497658370595,-21.130316217232085,-25.858261025590547,0.3076923076923077,0.23076923076923078,0.2564102564102564
mixed_ethical,"Agents keep role tendencies, but everyone is discouraged from severe escalation.",high_risk_pressure,21,3121,55.0,80.01516169491653,25.01516169491653,4,Got worse,-16.180496057126184,-24.4842567748169,-29.976203304429134,0.34210526315789475,0.18421052631578946,0.23684210526315788
mixed_ethical,"Agents keep role tendencies, but everyone is discouraged from severe escalation.",high_risk_pressure,22,3122,55.0,83.53659210012887,28.53659210012887,4,Got worse,-18.770819215695113,-28.356999041039437,-34.733099425093506,0.24242424242424243,0.24242424242424243,0.2727272727272727
mixed_ethical,"Agents keep role tendencies, but everyone is discouraged from severe escalation.",high_risk_pressure,23,3123,55.0,81.07888703414015,26.078887034140152,3,Got worse,-21.67172834804938,-32.84018389719535,-40.28468183885753,0.16129032258064516,0.2903225806451613,0.3870967741935484
mixed_ethical,"Agents keep role tendencies, but everyone is discouraged from severe escalation.",high_risk_pressure,24,3124,55.0,81.27819828451518,26.278198284515184,4,Got worse,-25.027618850256786,-37.98840460677466,-46.41704098968616,0.3333333333333333,0.2727272727272727,0.09090909090909091
mixed_ethical,"Agents keep role tendencies, but everyone is discouraged from severe escalation.",high_risk_pressure,25,3125,55.0,83.43252462266541,28.43252462266541,5,Got worse,-29.136372927795307,-43.87850029779085,-53.53764838813909,0.4473684210526316,0.18421052631578946,0.15789473684210525
mixed_ethical,"Agents keep role tendencies, but everyone is discouraged from severe escalation.",high_risk_pressure,26,3126,55.0,84.76001275495523,29.760012754955227,4,Got worse,-33.7277226169646,-50.795514092459484,-61.78789002135995,0.30952380952380953,0.2857142857142857,0.19047619047619047
mixed_ethical,"Agents keep role tendencies, but everyone is discouraged from severe escalation.",high_risk_pressure,27,3127,55.0,82.10881842782501,27.108818427825014,4,Got worse,-38.98981975950929,-58.6771968313284,-71.26350102456396,0.3055555555555556,0.2777777777777778,0.19444444444444445
mixed_ethical,"Agents keep role tendencies, but everyone is discouraged from severe escalation.",high_risk_pressure,28,3128,55.0,82.5845558758214,27.584555875821394,4,Got worse,-45.01264522343568,-67.72861073102766,-82.08827930324854,0.3,0.3,0.16666666666666666
mixed_ethical,"Agents keep role tendencies, but everyone is discouraged from severe escalation.",high_risk_pressure,29,3129,55.0,84.57570714012614,29.57570714012614,4,Got worse,-51.93251575695104,-78.11056796568181,-94.70545682373584,0.23684210526315788,0.18421052631578946,0.2894736842105263
mixed_ethical,"Agents keep role tendencies, but everyone is discouraged from severe escalation.",high_risk_pressure,30,3130,55.0,87.71753874340197,32.717538743401974,5,Got worse,-60.0084918704937,-90.1107712855341,-109.23694597229621,0.3076923076923077,0.19230769230769232,0.23076923076923078
mixed_ethical,"Agents keep role tendencies, but everyone is discouraged from severe escalation.",high_risk_pressure,31,3131,55.0,86.56231340803285,31.56231340803285,4,Got worse,-69.14537315106776,-103.82749072836421,-126.01289099314064,0.2222222222222222,0.2222222222222222,0.3888888888888889
mixed_ethical,"Agents keep role tendencies, but everyone is discouraged from severe escalation.",high_risk_pressure,32,3132,55.0,80.55520804105646,25.55520804105646,3,Got worse,-79.63270537372793,-119.62380746261883,-145.14505026711174,0.23076923076923078,0.34615384615384615,0.3076923076923077
mixed_ethical,"Agents keep role tendencies, but everyone is discouraged from severe escalation.",high_risk_pressure,33,3133,55.0,80.86301030145282,25.863010301452817,3,Got worse,-91.6692761797871,-137.7453929570117,-167.16983155717847,0.16666666666666666,0.23333333333333334,0.3
mixed_ethical,"Agents keep role tendencies, but everyone is discouraged from severe escalation.",high_risk_pressure,34,3134,55.0,83.43331833569806,28.43331833569806,4,Got worse,-105.61150260675518,-158.74137752556342,-192.38587504075528,0.2777777777777778,0.3333333333333333,0.1388888888888889
mixed_ethical,"Agents keep role tendencies, but everyone is discouraged from severe escalation.",high_risk_pressure,35,3135,55.0,82.40635080090179,27.40635080090179,4,Got worse,-121.55646924776843,-182.63373602939794,-221.45697192186856,0.23333333333333334,0.1,0.26666666666666666
mixed_ethical,"Agents keep role tendencies, but everyone is discouraged from severe escalation.",high_risk_pressure,36,3136,55.0,82.9370715129118,27.9370715129118,4,Got worse,-139.96854463493372,-210.17491705880764,-255.00969333514882,0.2571428571428571,0.2,0.34285714285714286
mixed_ethical,"Agents keep role tendencies, but everyone is discouraged from severe escalation.",high_risk_pressure,37,3137,55.0,83.66244103238748,28.662441032387477,4,Got worse,-161.16463883017377,-241.94461024262878,-293.5672092104212,0.3142857142857143,0.2571428571428571,0.3142857142857143
mixed_ethical,"Agents keep role tendencies, but everyone is discouraged from severe escalation.",high_risk_pressure,38,3138,55.0,80.41955040111534,25.419550401115345,3,Got worse,-185.4480096546998,-278.4797574040231,-337.9237087169844,0.15625,0.28125,0.375
mixed_ethical,"Agents keep role tendencies, but everyone is discouraged from severe escalation.",high_risk_pressure,39,3139,55.0,83.55718109523687,28.55718109523687,4,Got worse,-213.3764848529048,-320.4448553896266,-388.80480877453203,0.23076923076923078,0.23076923076923078,0.2692307692307692
mixed_ethical,"Agents keep role tendencies, but everyone is discouraged from severe escalation.",high_risk_pressure,40,3140,55.0,81.38226883038107,26.382268830381065,4,Got worse,-245.52210883084052,-368.70105619807055,-447.2411744657118,0.36666666666666664,0.26666666666666666,0.13333333333333333
